dep.abelmesquitajr@camara.leg.br;;Abel Salvador Mesquita Junior;ABEL MESQUITA JR.;DEM;RR;;(61) 3215-5248;;;248 - Anexo;;http://www.camara.gov.br/internet/deputado/bandep/178957.jpg;M
dep.adailcarneiro@camara.leg.br;;Jose Adail Carneiro Silva;ADAIL CARNEIRO;PP;CE;;(61) 3215-5335;;;335 - Anexo;;http://www.camara.gov.br/internet/deputado/bandep/178864.jpg;M
dep.adalbertocavalcanti@camara.leg.br;;Adalberto Cavalcanti Rodrigues;ADALBERTO CAVALCANTI;PTB;PE;;(61) 3215-5402;;;402 - Anexo;;http://www.camara.gov.br/internet/deputado/bandep/178914.jpg;M
dep.adelmocarneiroleao@camara.leg.br;;Adelmo Carneiro Leao;ADELMO CARNEIRO LEÃO;PT;MG;;(61) 3215-5231;;;231 - Anexo;;http://www.camara.gov.br/internet/deputado/bandep/178890.jpg;M
dep.adelsonbarreto@camara.leg.br;;Adelson Barreto Dos Santos;ADELSON BARRETO;PR;SE;;(61) 3215-5937;;;937 - Anexo;;http://www.camara.gov.br/internet/deputado/bandep/178968.jpg;M
dep.ademircamilo@camara.leg.br;;Ademir Camilo Prates Rodrigues;ADEMIR CAMILO;PTN;MG;;(61) 3215-5556;;;556 - Anexo;;http://www.camara.gov.br/internet/deputado/bandep/133374.jpg;M
dep.adiltonsachetti@camara.leg.br;;Adilton Domingos Sachetti;ADILTON SACHETTI;PSB;MT;;(61) 3215-5374;;;374 - Anexo;;http://www.camara.gov.br/internet/deputado/bandep/178903.jpg;M
dep.aeltonfreitas@camara.leg.br;;Aelton José de Freitas;AELTON FREITAS;PR;MG;;(61) 3215-5204;;;204 - Anexo;;http://www.camara.gov.br/internet/deputado/bandep/141372.jpg;M
dep.afonsoflorence@camara.leg.br;;Afonso Bandeira Florence;AFONSO FLORENCE;PT;BA;;(61) 3215-5305;;;305 - Anexo;;http://www.camara.gov.br/internet/deputado/bandep/160508.jpg;M
dep.afonsohamm@camara.leg.br;;José Alfonso Ebert Hamm;AFONSO HAMM;PP;RS;;(61) 3215-5604;;;604 - Anexo;;http://www.camara.gov.br/internet/deputado/bandep/136811.jpg;M
dep.afonsomotta@camara.leg.br;;Afonso Antunes da Motta;AFONSO MOTTA;PDT;RS;X;(61) 3215-5711;;;711 - Anexo;;http://www.camara.gov.br/internet/deputado/bandep/178835.jpg;M
dep.aguinaldoribeiro@camara.leg.br;;Aguinaldo Velloso Borges Ribeiro;AGUINALDO RIBEIRO;PP;PB;X;(61) 3215-5735;;;735 - Anexo;;http://www.camara.gov.br/internet/deputado/bandep/160527.jpg;M
dep.alanrick@camara.leg.br;;Alan Rick Miranda;ALAN RICK;PRB;AC;;(61) 3215-5650;;;650 - Anexo;;http://www.camara.gov.br/internet/deputado/bandep/178836.jpg;M
dep.albertofilho@camara.leg.br;;José Alberto Oliveira Veloso Filho;ALBERTO FILHO;PMDB;MA;;(61) 3215-5350;;;350 - Anexo;;http://www.camara.gov.br/internet/deputado/bandep/160582.jpg;M
dep.albertofraga@camara.leg.br;;João Alberto Fraga Silva;ALBERTO FRAGA;DEM;DF;;(61) 3215-5511;;;511 - Anexo;;http://www.camara.gov.br/internet/deputado/bandep/73579.jpg;M
dep.alceumoreira@camara.leg.br;;Alceu Moreira da Silva;ALCEU MOREIRA;PMDB;RS;X;(61) 3215-5238;;;238 - Anexo;;http://www.camara.gov.br/internet/deputado/bandep/160559.jpg;M
dep.alessandromolon@camara.leg.br;;Alessandro Lucciola Molon;ALESSANDRO MOLON;REDE;RJ;X;(61) 3215-5652;;;652 - Anexo;;http://www.camara.gov.br/internet/deputado/bandep/160511.jpg;M
dep.alexcanziani@camara.leg.br;;Alex Canziani Silveira;ALEX CANZIANI;PTB;PR;;(61) 3215-5842;;;842 - Anexo;;http://www.camara.gov.br/internet/deputado/bandep/73458.jpg;M
dep.alexmanente@camara.leg.br;;Alex Spinelli Manente;ALEX MANENTE;PPS;SP;;(61) 3215-5245;;;245 - Anexo;;http://www.camara.gov.br/internet/deputado/bandep/178972.jpg;M
dep.alexandrebaldy@camara.leg.br;;Alexandre Baldy de Sant'Anna Braga;ALEXANDRE BALDY;PTN;GO;;(61) 3215-5441;;;441 - Anexo;;http://www.camara.gov.br/internet/deputado/bandep/178875.jpg;M
dep.alexandreleite@camara.leg.br;;Alexandre Leite da Silva;ALEXANDRE LEITE;DEM;SP;;(61) 3215-5841;;;841 - Anexo;;http://www.camara.gov.br/internet/deputado/bandep/160545.jpg;M
dep.alexandreserfiotis@camara.leg.br;;Alexandre Augustus Serfiotis;ALEXANDRE SERFIOTIS;PMDB;RJ;;(61) 3215-5554;;;554 - Anexo;;http://www.camara.gov.br/internet/deputado/bandep/178833.jpg;M
dep.alexandrevalle@camara.leg.br;;Alexandre Valle Cardoso;ALEXANDRE VALLE;PR;RJ;;(61) 3215-5587;;;587 - Anexo;;http://www.camara.gov.br/internet/deputado/bandep/178936.jpg;M
dep.alfredokaefer@camara.leg.br;;Jacob Alfredo Stoffels Kaefer;ALFREDO KAEFER;PSL;PR;;(61) 3215-5818;;;818 - Anexo;;http://www.camara.gov.br/internet/deputado/bandep/141454.jpg;M
dep.alfredonascimento@camara.leg.br;;Alfredo Pereira do Nascimento;ALFREDO NASCIMENTO;PR;AM;;(61) 3215-5401;;;401 - Anexo;;http://www.camara.gov.br/internet/deputado/bandep/178846.jpg;M
dep.aliceportugal@camara.leg.br;;Alice Mazzuco Portugal;ALICE PORTUGAL;PCdoB;BA;;(61) 3215-5420;;;420 - Anexo;;http://www.camara.gov.br/internet/deputado/bandep/74057.jpg;F
dep.alielmachado@camara.leg.br;;Aliel Machado Bark;ALIEL MACHADO;REDE;PR;X;(61) 3215-5480;;;480 - Anexo;;http://www.camara.gov.br/internet/deputado/bandep/178927.jpg;M
dep.altineucortes@camara.leg.br;;Altineu Côrtes Freitas Coutinho;ALTINEU CÔRTES;PMDB;RJ;X;(61) 3215-5578;;;578 - Anexo;;http://www.camara.gov.br/internet/deputado/bandep/178937.jpg;M
dep.aluisiomendes@camara.leg.br;;Aluisio Guimaraes Mendes Filho;ALUISIO MENDES;PTN;MA;;(61) 3215-5931;;;931 - Anexo;;http://www.camara.gov.br/internet/deputado/bandep/178881.jpg;M
dep.anaperugini@camara.leg.br;;Ana Lucia Lippaus Perugini;ANA PERUGINI;PT;SP;X;(61) 3215-5436;;;436 - Anexo;;http://www.camara.gov.br/internet/deputado/bandep/178973.jpg;F
dep.andersonferreira@camara.leg.br;;Anderson Ferreira Rodrigues;ANDERSON FERREIRA;PR;PE;;(61) 3215-5450;;;450 - Anexo;;http://www.camara.gov.br/internet/deputado/bandep/160551.jpg;M
dep.andreabdon@camara.leg.br;;Andre Dos Santos Abdon;ANDRÉ ABDON;PP;AP;;(61) 3215-5831;;;831 - Anexo;;http://www.camara.gov.br/internet/deputado/bandep/178831.jpg;M
dep.andrefigueiredo@camara.leg.br;;André Peixoto Figueiredo Lima;ANDRÉ FIGUEIREDO;PDT;CE;;(61) 3215-5940;;;940 - Anexo;;http://www.camara.gov.br/internet/deputado/bandep/133439.jpg;M
dep.andremoura@camara.leg.br;;André Luís Dantas Ferreira;ANDRE MOURA;PSC;SE;X;(61) 3215-5846;;;846 - Anexo;;http://www.camara.gov.br/internet/deputado/bandep/160543.jpg;M
dep.andressanchez@camara.leg.br;;Andres Navarro Sanchez;ANDRES SANCHEZ;PT;SP;;(61) 3215-5939;;;939 - Anexo;;http://www.camara.gov.br/internet/deputado/bandep/178974.jpg;M
dep.angelaalbino@camara.leg.br;;Angela Albino;ANGELA ALBINO;PCdoB;SC;;(61) 3215-5609;;;609 - Anexo;;http://www.camara.gov.br/internet/deputado/bandep/192120.jpg;F
dep.angelim@camara.leg.br;;Raimundo Angelim Vasconcelos;ANGELIM;PT;AC;;(61) 3215-5543;;;543 - Anexo;;http://www.camara.gov.br/internet/deputado/bandep/178837.jpg;M
dep.antoniobrito@camara.leg.br;;Antonio Luiz Paranhos Ribeiro Leite de Brito;ANTONIO BRITO;PSD;BA;;(61) 3215-5479;;;479 - Anexo;;http://www.camara.gov.br/internet/deputado/bandep/160553.jpg;M
dep.antoniobulhoes@camara.leg.br;;Antonio Carlos Martins de Bulhões;ANTONIO BULHÕES;PRB;SP;X;(61) 3215-5327;;;327 - Anexo;;http://www.camara.gov.br/internet/deputado/bandep/141383.jpg;M
dep.antoniocarlosmendesthame@camara.leg.br;;Antonio Carlos de Mendes Thame;ANTONIO CARLOS MENDES THAME;PV;SP;;(61) 3215-5915;;;915 - Anexo;;http://www.camara.gov.br/internet/deputado/bandep/73584.jpg;M
dep.antonioimbassahy@camara.leg.br;;Antonio José Imbassahy da Silva;ANTONIO IMBASSAHY;PSDB;BA;;(61) 3215-5810;;;810 - Anexo;;http://www.camara.gov.br/internet/deputado/bandep/160530.jpg;M
dep.antoniojacome@camara.leg.br;;Antonio Jacome de Lima Junior;ANTÔNIO JÁCOME;PTN;RN;;(61) 3215-5230;;;230 - Anexo;;http://www.camara.gov.br/internet/deputado/bandep/178950.jpg;M
dep.arlindochinaglia@camara.leg.br;;Arlindo Chignalia Junior;ARLINDO CHINAGLIA;PT;SP;;(61) 3215-5966;;;Ala A Ed. Principal - Anexo;;http://www.camara.gov.br/internet/deputado/bandep/73433.jpg;M
dep.arnaldofariadesa@camara.leg.br;;Arnaldo Faria de Sá;ARNALDO FARIA DE SÁ;PTB;SP;X;(61) 3215-5929;;;929 - Anexo;;http://www.camara.gov.br/internet/deputado/bandep/73434.jpg;M
dep.arnaldojordy@camara.leg.br;;Arnaldo Jordy Figueiredo;ARNALDO JORDY;PPS;PA;;(61) 3215-5506;;;506 - Anexo;;http://www.camara.gov.br/internet/deputado/bandep/160602.jpg;M
dep.arnonbezerra@camara.leg.br;;Jose Arnon Cruz Bezerra de Menezes;ARNON BEZERRA;PTB;CE;;(61) 3215-5413;;;413 - Anexo;;http://www.camara.gov.br/internet/deputado/bandep/74291.jpg;M
dep.arthurlira@camara.leg.br;;Arthur César Pereira de Lira;ARTHUR LIRA;PP;AL;X;(61) 3215-5942;;;942 - Anexo;;http://www.camara.gov.br/internet/deputado/bandep/160541.jpg;M
dep.arthuroliveiramaia@camara.leg.br;;Arthur de Oliveira Maia da Silva;ARTHUR OLIVEIRA MAIA;PPS;BA;X;(61) 3215-5830;;;830 - Anexo;;http://www.camara.gov.br/internet/deputado/bandep/160600.jpg;M
dep.arthurvirgiliobisneto@camara.leg.br;;Arthur Virgilio do Carmo Ribeiro Bisneto;ARTHUR VIRGÍLIO BISNETO;PSDB;AM;;(61) 3215-5583;;;583 - Anexo;;http://www.camara.gov.br/internet/deputado/bandep/178847.jpg;M
dep.assiscarvalho@camara.leg.br;;Francisco de Assis Carvalho Gonçalves;ASSIS CARVALHO;PT;PI;;(61) 3215-5909;;;909 - Anexo;;http://www.camara.gov.br/internet/deputado/bandep/159237.jpg;M
dep.assisdocouto@camara.leg.br;;Assis Miguel do Couto;ASSIS DO COUTO;PDT;PR;;(61) 3215-5428;;;428 - Anexo;;http://www.camara.gov.br/internet/deputado/bandep/74378.jpg;M
dep.atilalins@camara.leg.br;;Átila Sidney Lins Albuquerque;ÁTILA LINS;PSD;AM;;(61) 3215-5730;;;730 - Anexo;;http://www.camara.gov.br/internet/deputado/bandep/74090.jpg;M
dep.atilalira@camara.leg.br;;Átila Freitas Lira;ÁTILA LIRA;PSB;PI;;(61) 3215-5640;;;640 - Anexo;;http://www.camara.gov.br/internet/deputado/bandep/74459.jpg;M
dep.augustocarvalho@camara.leg.br;;Augusto Silveira de Carvalho;AUGUSTO CARVALHO;SD;DF;;(61) 3215-5215;;;215 - Anexo;;http://www.camara.gov.br/internet/deputado/bandep/73655.jpg;M
dep.augustocoutinho@camara.leg.br;;Augusto Rodrigues Coutinho de Melo;AUGUSTO COUTINHO;SD;PE;;(61) 3215-5373;;;373 - Anexo;;http://www.camara.gov.br/internet/deputado/bandep/160665.jpg;M
dep.aureo@camara.leg.br;;Aureo Lidio Moreira Ribeiro;AUREO;SD;RJ;;(61) 3215-5212;;;212 - Anexo;;http://www.camara.gov.br/internet/deputado/bandep/160512.jpg;M
dep.bacelar@camara.leg.br;;Joao Carlos Bacelar Batista;BACELAR;PTN;BA;;(61) 3215-5381;;;381 - Anexo;;http://www.camara.gov.br/internet/deputado/bandep/69871.jpg;M
dep.baleiarossi@camara.leg.br;;Luiz Felipe Baleia Tenuto Rossi;BALEIA ROSSI;PMDB;SP;;(61) 3215-5829;;;829 - Anexo;;http://www.camara.gov.br/internet/deputado/bandep/178975.jpg;M
dep.bebeto@camara.leg.br;;Adalberto Souza Galvão;BEBETO;PSB;BA;;(61) 3215-5541;;;541 - Anexo;;http://www.camara.gov.br/internet/deputado/bandep/178834.jpg;M
dep.benitogama@camara.leg.br;;Benito da Gama Santos;BENITO GAMA;PTB;BA;;(61) 3215-5414;;;414 - Anexo;;http://www.camara.gov.br/internet/deputado/bandep/74535.jpg;M
dep.benjaminmaranhao@camara.leg.br;;Benjamin Gomes Maranhão Neto;BENJAMIN MARANHÃO;SD;PB;X;(61) 3215-5458;;;458 - Anexo;;http://www.camara.gov.br/internet/deputado/bandep/74040.jpg;M
dep.betinhogomes@camara.leg.br;;Heberte Lamarck Gomes da Silva;BETINHO GOMES;PSDB;PE;X;(61) 3215-5269;;;269 - Anexo;;http://www.camara.gov.br/internet/deputado/bandep/178915.jpg;M
dep.betofaro@camara.leg.br;;José Roberto Oliveira Faro;BETO FARO;PT;PA;;(61) 3215-5723;;;723 - Anexo;;http://www.camara.gov.br/internet/deputado/bandep/141335.jpg;M
dep.betomansur@camara.leg.br;;Paulo Roberto Gomes Mansur;BETO MANSUR;PRB;SP;;(61) 3215-5616;;;616 - Anexo;;http://www.camara.gov.br/internet/deputado/bandep/73437.jpg;M
dep.betorosado@camara.leg.br;;Carlos Alberto de Sousa Rosado Segundo;BETO ROSADO;PP;RN;;(61) 3215-5840;;;840 - Anexo;;http://www.camara.gov.br/internet/deputado/bandep/178948.jpg;M
dep.betosalame@camara.leg.br;;Roberto Salame Filho;BETO SALAME;PP;PA;;(61) 3215-5473;;;473 - Anexo;;http://www.camara.gov.br/internet/deputado/bandep/178906.jpg;M
dep.bilacpinto@camara.leg.br;;Olavo Bilac Pinto Neto;BILAC PINTO;PR;MG;;(61) 3215-5806;;;806 - Anexo;;http://www.camara.gov.br/internet/deputado/bandep/141513.jpg;M
dep.bohngass@camara.leg.br;;Elvino José Bohn Gass;BOHN GASS;PT;RS;;(61) 3215-5469;;;469 - Anexo;;http://www.camara.gov.br/internet/deputado/bandep/160538.jpg;M
dep.bonifaciodeandrada@camara.leg.br;;Bonifácio José Tamm de Andrada;BONIFÁCIO DE ANDRADA;PSDB;MG;X;(61) 3215-5208;;;208 - Anexo;;http://www.camara.gov.br/internet/deputado/bandep/74650.jpg;M
dep.brunafurlan@camara.leg.br;;Bruna Dias Furlan;BRUNA FURLAN;PSDB;SP;;(61) 3215-5836;;;836 - Anexo;;http://www.camara.gov.br/internet/deputado/bandep/160589.jpg;F
dep.brunny@camara.leg.br;;Bruniele Ferreira Gomes;BRUNNY;PR;MG;;(61) 3215-5260;;;260 - Anexo;;http://www.camara.gov.br/internet/deputado/bandep/178999.jpg;F
dep.brunocovas@camara.leg.br;;Bruno Covas Lopes;BRUNO COVAS;PSDB;SP;X;(61) 3215-5521;;;521 - Anexo;;http://www.camara.gov.br/internet/deputado/bandep/178976.jpg;M
dep.cabodaciolo@camara.leg.br;;Benevenuto Daciolo Fonseca Dos Santos;CABO DACIOLO;PTdoB;RJ;;(61) 3215-5803;;;803 - Anexo;;http://www.camara.gov.br/internet/deputado/bandep/178938.jpg;M
dep.cabosabino@camara.leg.br;;Flavio Alves Sabino;CABO SABINO;PR;CE;X;(61) 3215-5617;;;617 - Anexo;;http://www.camara.gov.br/internet/deputado/bandep/178865.jpg;M
dep.cabucuborges@camara.leg.br;;Luiz Gionilson Pinheiro Borges;CABUÇU BORGES;PMDB;AP;;(61) 3215-5380;;;380 - Anexo;;http://www.camara.gov.br/internet/deputado/bandep/105112.jpg;M
dep.cacaleao@camara.leg.br;;Carlos Felipe Vazquez de Souza Leão;CACÁ LEÃO;PP;BA;;(61) 3215-5320;;;320 - Anexo;;http://www.camara.gov.br/internet/deputado/bandep/93083.jpg;M
dep.caetano@camara.leg.br;;Luiz Carlos Caetano;CAETANO;PT;BA;;(61) 3215-5415;;;415 - Anexo;;http://www.camara.gov.br/internet/deputado/bandep/178853.jpg;M
dep.caionarcio@camara.leg.br;;Caio Narcio Rodrigues da Silveira;CAIO NARCIO;PSDB;MG;;(61) 3215-5431;;;431 - Anexo;;http://www.camara.gov.br/internet/deputado/bandep/178891.jpg;M
dep.cajarnardes@camara.leg.br;;Cajar Onesimo Ribeiro Nardes;CAJAR NARDES;PR;RS;;(61) 3215-5625;;;625 - Anexo;;http://www.camara.gov.br/internet/deputado/bandep/194261.jpg;M
dep.capitaoaugusto@camara.leg.br;;Jose Augusto Rosa;CAPITÃO AUGUSTO;PR;SP;X;(61) 3215-5273;;;273 - Anexo;;http://www.camara.gov.br/internet/deputado/bandep/178829.jpg;M
dep.carlosandrade@camara.leg.br;;Carlos Augusto Andrade Silva;CARLOS ANDRADE;PHS;RR;;(61) 3215-5758;;;758 - Anexo;;http://www.camara.gov.br/internet/deputado/bandep/178958.jpg;M
dep.carlosbezerra@camara.leg.br;;Carlos Gomes Bezerra;CARLOS BEZERRA;PMDB;MT;X;(61) 3215-5815;;;815 - Anexo;;http://www.camara.gov.br/internet/deputado/bandep/141401.jpg;M
dep.carloseduardocadoca@camara.leg.br;;Carlos Eduardo Cintra da Costa Pereira;CARLOS EDUARDO CADOCA;PDT;PE;;(61) 3215-5754;;;754 - Anexo;;http://www.camara.gov.br/internet/deputado/bandep/74474.jpg;M
dep.carlosgomes@camara.leg.br;;Antonio Carlos Gomes da Silva;CARLOS GOMES;PRB;RS;;(61) 3215-5285;;;285 - Anexo;;http://www.camara.gov.br/internet/deputado/bandep/178962.jpg;M
dep.carloshenriquegaguim@camara.leg.br;;Carlos Henrique Amorim;CARLOS HENRIQUE GAGUIM;PTN;TO;X;(61) 3215-5222;;;222 - Anexo;;http://www.camara.gov.br/internet/deputado/bandep/178993.jpg;M
dep.carlosmanato@camara.leg.br;;Carlos Humberto Mannato;CARLOS MANATO;SD;ES;;(61) 3215-5313;;;313 - Anexo;;http://www.camara.gov.br/internet/deputado/bandep/74163.jpg;M
dep.carlosmarun@camara.leg.br;;Carlos Eduardo Xavier Marun;CARLOS MARUN;PMDB;MS;X;(61) 3215-5372;;;372 - Anexo;;http://www.camara.gov.br/internet/deputado/bandep/178900.jpg;M
dep.carlosmelles@camara.leg.br;;Carlos do Carmo Andrade Melles;CARLOS MELLES;DEM;MG;;(61) 3215-5243;;;243 - Anexo;;http://www.camara.gov.br/internet/deputado/bandep/74651.jpg;M
dep.carlossampaio@camara.leg.br;;Carlos Henrique Focesi Sampaio;CARLOS SAMPAIO;PSDB;SP;;(61) 3215-5207;;;207 - Anexo;;http://www.camara.gov.br/internet/deputado/bandep/74262.jpg;M
dep.carloszarattini@camara.leg.br;;Carlos Alberto Rolim Zarattini;CARLOS ZARATTINI;PT;SP;;(61) 3215-5808;;;808 - Anexo;;http://www.camara.gov.br/internet/deputado/bandep/141398.jpg;M
dep.carmenzanotto@camara.leg.br;;Carmen Emília Bonfá Zanotto;CARMEN ZANOTTO;PPS;SC;;(61) 3215-5240;;;240 - Anexo;;http://www.camara.gov.br/internet/deputado/bandep/164360.jpg;F
dep.celiosilveira@camara.leg.br;;Celio Antonio da Silveira;CÉLIO SILVEIRA;PSDB;GO;;(61) 3215-5565;;;565 - Anexo;;http://www.camara.gov.br/internet/deputado/bandep/178876.jpg;M
dep.celsojacob@camara.leg.br;;Celso Alencar Ramos Jacob;CELSO JACOB;PMDB;RJ;;(61) 3215-5917;;;917 - Anexo;;http://www.camara.gov.br/internet/deputado/bandep/73568.jpg;M
dep.celsomaldaner@camara.leg.br;;Celso Maldaner;CELSO MALDANER;PMDB;SC;;(61) 3215-5311;;;311 - Anexo;;http://www.camara.gov.br/internet/deputado/bandep/141405.jpg;M
dep.celsopansera@camara.leg.br;;Celso Pansera;CELSO PANSERA;PMDB;RJ;;(61) 3215-5475;;;475 - Anexo;;http://www.camara.gov.br/internet/deputado/bandep/72912.jpg;M
dep.celsorussomanno@camara.leg.br;;Celso Ubirajara Russomanno;CELSO RUSSOMANNO;PRB;SP;;(61) 3215-5960;;;960 - Anexo;;http://www.camara.gov.br/internet/deputado/bandep/73441.jpg;M
dep.cesarhalum@camara.leg.br;;Cesar Hanna Halum;CÉSAR HALUM;PRB;TO;;(61) 3215-5422;;;422 - Anexo;;http://www.camara.gov.br/internet/deputado/bandep/160576.jpg;M
dep.cesarmessias@camara.leg.br;;Carlos Cesar Correia de Messias;CÉSAR MESSIAS;PSB;AC;;(61) 3215-5956;;;956 - Anexo;;http://www.camara.gov.br/internet/deputado/bandep/178838.jpg;M
dep.chicoalencar@camara.leg.br;;Francisco Rodrigues de Alencar Filho;CHICO ALENCAR;PSOL;RJ;X;(61) 3215-5848;;;848 - Anexo;;http://www.camara.gov.br/internet/deputado/bandep/74171.jpg;M
dep.chicodangelo@camara.leg.br;;Francisco José D'Angelo Pinto;CHICO D'ANGELO;PT;RJ;;(61) 3215-5542;;;542 - Anexo;;http://www.camara.gov.br/internet/deputado/bandep/141439.jpg;M
dep.chicolopes@camara.leg.br;;Francisco Lopes da Silva;CHICO LOPES;PCdoB;CE;;(61) 3215-5310;;;310 - Anexo;;http://www.camara.gov.br/internet/deputado/bandep/141440.jpg;M
dep.christianedesouzayared@camara.leg.br;;Christiane de Souza Yared;CHRISTIANE DE SOUZA YARED;PR;PR;;(61) 3215-5201;;;201 - Anexo;;http://www.camara.gov.br/internet/deputado/bandep/178928.jpg;F
dep.clarissagarotinho@camara.leg.br;;Clarissa Barros Assed Matheus de Oliveira;CLARISSA GAROTINHO;PR;RJ;;(61) 3215-5714;;;714 - Anexo;;http://www.camara.gov.br/internet/deputado/bandep/178939.jpg;F
dep.claudiocajado@camara.leg.br;;Cláudio Cajado Sampaio;CLAUDIO CAJADO;DEM;BA;;(61) 3215-5630;;;630 - Anexo;;http://www.camara.gov.br/internet/deputado/bandep/74537.jpg;M
dep.cleberverde@camara.leg.br;;Cleber Verde Cordeiro Mendes;CLEBER VERDE;PRB;MA;;(61) 3215-5710;;;710 - Anexo;;http://www.camara.gov.br/internet/deputado/bandep/141408.jpg;M
dep.conceicaosampaio@camara.leg.br;;Maria da Conceicao Sampaio Moura;CONCEIÇÃO SAMPAIO;PP;AM;;(61) 3215-5515;;;515 - Anexo;;http://www.camara.gov.br/internet/deputado/bandep/178848.jpg;F
dep.covattifilho@camara.leg.br;;Luis Antonio Franciscatto Covatti;COVATTI FILHO;PP;RS;X;(61) 3215-5228;;;228 - Anexo;;http://www.camara.gov.br/internet/deputado/bandep/178963.jpg;M
dep.creuzapereira@camara.leg.br;;Cleuza Pereira do Nascimento;CREUZA PEREIRA;PSB;PE;;(61) 3215-5662;;;662 - Anexo;;http://www.camara.gov.br/internet/deputado/bandep/194258.jpg;F
dep.cristianebrasil@camara.leg.br;;Cristiane Brasil Francisco;CRISTIANE BRASIL;PTB;RJ;X;(61) 3215-5644;;;644 - Anexo;;http://www.camara.gov.br/internet/deputado/bandep/93472.jpg;F
dep.dagoberto@camara.leg.br;;Dagoberto Nogueira Filho;DAGOBERTO;PDT;MS;;(61) 3215-5654;;;654 - Anexo;;http://www.camara.gov.br/internet/deputado/bandep/141411.jpg;M
dep.damiaofeliciano@camara.leg.br;;Damião Feliciano da Silva;DAMIÃO FELICIANO;PDT;PB;;(61) 3215-5938;;;938 - Anexo;;http://www.camara.gov.br/internet/deputado/bandep/74467.jpg;M
dep.daminapereira@camara.leg.br;;Damina de Carvalho Pereira;DÂMINA PEREIRA;PSL;MG;;(61) 3215-5434;;;434 - Anexo;;http://www.camara.gov.br/internet/deputado/bandep/178892.jpg;F
dep.danielalmeida@camara.leg.br;;Daniel Gomes de Almeida;DANIEL ALMEIDA;PCdoB;BA;X;(61) 3215-5317;;;317 - Anexo;;http://www.camara.gov.br/internet/deputado/bandep/74060.jpg;M
dep.danielcoelho@camara.leg.br;;Daniel Pires Coelho;DANIEL COELHO;PSDB;PE;X;(61) 3215-5813;;;813 - Anexo;;http://www.camara.gov.br/internet/deputado/bandep/178916.jpg;M
dep.danielvilela@camara.leg.br;;Daniel Elias Carvalho Vilela;DANIEL VILELA;PMDB;GO;;(61) 3215-5471;;;471 - Anexo;;http://www.camara.gov.br/internet/deputado/bandep/144523.jpg;M
dep.danilocabral@camara.leg.br;;Danilo Jorge de Barros Cabral;DANILO CABRAL;PSB;PE;;(61) 3215-5423;;;423 - Anexo;;http://www.camara.gov.br/internet/deputado/bandep/160528.jpg;M
dep.daniloforte@camara.leg.br;;Francisco Danilo Bastos Forte;DANILO FORTE;PSB;CE;X;(61) 3215-5384;;;384 - Anexo;;http://www.camara.gov.br/internet/deputado/bandep/62881.jpg;M
dep.danrleidedeushinterholz@camara.leg.br;;Danrlei de Deus Hinterholz;DANRLEI DE DEUS HINTERHOLZ;PSD;RS;;(61) 3215-5566;;;566 - Anexo;;http://www.camara.gov.br/internet/deputado/bandep/160552.jpg;M
dep.darcisioperondi@camara.leg.br;;Darcísio Paulo Perondi;DARCÍSIO PERONDI;PMDB;RS;;(61) 3215-5518;;;518 - Anexo;;http://www.camara.gov.br/internet/deputado/bandep/73891.jpg;M
dep.davialvessilvajunior@camara.leg.br;;Davi Alves Silva Júnior;DAVI ALVES SILVA JÚNIOR;PR;MA;;(61) 3215-5202;;;202 - Anexo;;http://www.camara.gov.br/internet/deputado/bandep/141412.jpg;M
dep.davidsonmagalhaes@camara.leg.br;;Davidson de Magalhães Santos;DAVIDSON MAGALHÃES;PCdoB;BA;;(61) 3215-5826;;;826 - Anexo;;http://www.camara.gov.br/internet/deputado/bandep/101309.jpg;M
dep.deciolima@camara.leg.br;;Décio Nery de Lima;DÉCIO LIMA;PT;SC;;(61) 3215-5218;;;218 - Anexo;;http://www.camara.gov.br/internet/deputado/bandep/141413.jpg;M
dep.delegadoedermauro@camara.leg.br;;Eder Mauro Cardoso Barra;DELEGADO ÉDER MAURO;PSD;PA;X;32155586- Fax: 32152586;;;586 - Anexo;;http://www.camara.gov.br/internet/deputado/bandep/178908.jpg;M
dep.delegadoedsonmoreira@camara.leg.br;;Edson Moreira da Silva;DELEGADO EDSON MOREIRA;PR;MG;X;(61) 3215-5933;;;933 - Anexo;;http://www.camara.gov.br/internet/deputado/bandep/178893.jpg;M
dep.delegadowaldir@camara.leg.br;;Waldir Soares de Oliveira;DELEGADO WALDIR;PR;GO;X;(61) 3215-5645;;;645 - Anexo;;http://www.camara.gov.br/internet/deputado/bandep/164359.jpg;M
dep.deley@camara.leg.br;;Wanderley Alves de Oliveira;DELEY;PTB;RJ;;(61) 3215-5742;;;742 - Anexo;;http://www.camara.gov.br/internet/deputado/bandep/74172.jpg;M
dep.diegoandrade@camara.leg.br;;Diego Leonardo de  Andrade Carvalho;DIEGO ANDRADE;PSD;MG;;(61) 3215-5307;;;307 - Anexo;;http://www.camara.gov.br/internet/deputado/bandep/160588.jpg;M
dep.diegogarcia@camara.leg.br;;Diego Alexsander Goncalo Paula Garcia;DIEGO GARCIA;PHS;PR;;(61) 3215-5745;;;;;http://www.camara.gov.br/internet/deputado/bandep/178929.jpg;M
dep.dilceusperafico@camara.leg.br;;Dilceu João Sperafico;DILCEU SPERAFICO;PP;PR;;(61) 3215-5746;;;746 - Anexo;;http://www.camara.gov.br/internet/deputado/bandep/73768.jpg;M
dep.dimasfabiano@camara.leg.br;;Dimas Fabiano Toledo Júnior;DIMAS FABIANO;PP;MG;;(61) 3215-5325;;;325 - Anexo;;http://www.camara.gov.br/internet/deputado/bandep/160599.jpg;M
dep.domingosneto@camara.leg.br;;Domingos Gomes de Aguiar Neto;DOMINGOS NETO;PSD;CE;X;(61) 3215-5546;;;546 - Anexo;;http://www.camara.gov.br/internet/deputado/bandep/143632.jpg;M
dep.domingossavio@camara.leg.br;;Domingos Sávio Campos Resende;DOMINGOS SÁVIO;PSDB;MG;;(61) 3215-5345;;;345 - Anexo;;http://www.camara.gov.br/internet/deputado/bandep/160758.jpg;M
dep.dr.joao@camara.leg.br;;Joao Ferreira Neto;DR. JOÃO;PR;RJ;;(61) 3215-5911;;;911 - Anexo;;http://www.camara.gov.br/internet/deputado/bandep/178940.jpg;M
dep.dr.jorgesilva@camara.leg.br;;Jorge Silva;DR. JORGE SILVA;PHS;ES;;(61) 3215-5227;;;227 - Anexo;;http://www.camara.gov.br/internet/deputado/bandep/160643.jpg;M
dep.dr.sinvalmalheiros@camara.leg.br;;Sinval  Malheiros Pinto Júnior;DR. SINVAL MALHEIROS;PTN;SP;X;(61) 3215-5520;;;520 - Anexo;;http://www.camara.gov.br/internet/deputado/bandep/178830.jpg;M
dep.duartenogueira@camara.leg.br;;Antonio Duarte Nogueira Junior;DUARTE NOGUEIRA;PSDB;SP;;(61) 3215-5921;;;921 - Anexo;;http://www.camara.gov.br/internet/deputado/bandep/141385.jpg;M
dep.dulcemiranda@camara.leg.br;;Dulce Ferreira Pagani Miranda;DULCE MIRANDA;PMDB;TO;;(61) 3215-5530;;;530 - Anexo;;http://www.camara.gov.br/internet/deputado/bandep/178994.jpg;F
dep.edinhoaraujo@camara.leg.br;;Edson Edinho Coelho Araújo;EDINHO ARAÚJO;PMDB;SP;;(61) 3215-5418;;;418 - Anexo;;http://www.camara.gov.br/internet/deputado/bandep/73447.jpg;M
dep.edinhobez@camara.leg.br;;Edson Bez de Oliveira;EDINHO BEZ;PMDB;SC;;(61) 3215-5703;;;703 - Anexo;;http://www.camara.gov.br/internet/deputado/bandep/73793.jpg;M
dep.ediolopes@camara.leg.br;;Édio Vieira Lopes;EDIO LOPES;PR;RR;X;(61) 3215-5408;;;408 - Anexo;;http://www.camara.gov.br/internet/deputado/bandep/141417.jpg;M
dep.edmilsonrodrigues@camara.leg.br;;Edmilson Brito Rodrigues;EDMILSON RODRIGUES;PSOL;PA;;(61) 3215-5301;;;301 - Anexo;;http://www.camara.gov.br/internet/deputado/bandep/134812.jpg;M
dep.eduardobarbosa@camara.leg.br;;Eduardo Luiz Barros Barbosa;EDUARDO BARBOSA;PSDB;MG;;(61) 3215-1540;;;540 - Anexo;;http://www.camara.gov.br/internet/deputado/bandep/74655.jpg;M
dep.eduardobolsonaro@camara.leg.br;;Eduardo Nantes Bolsonaro;EDUARDO BOLSONARO;PSC;SP;;(61) 3215-5481;;;481 - Anexo;;http://www.camara.gov.br/internet/deputado/bandep/92346.jpg;M
dep.eduardocury@camara.leg.br;;Eduardo Pedrosa Cury;EDUARDO CURY;PSDB;SP;;(61) 3215-5368;;;368 - Anexo;;http://www.camara.gov.br/internet/deputado/bandep/178977.jpg;M
dep.eduardodafonte@camara.leg.br;;Eduardo Henrique da Fonte de Albuquerque Silva;EDUARDO DA FONTE;PP;PE;;(61) 3215-5628;;;628 - Anexo;;http://www.camara.gov.br/internet/deputado/bandep/141421.jpg;M
dep.efraimfilho@camara.leg.br;;Efraim de Araújo Morais Filho;EFRAIM FILHO;DEM;PB;X;(61) 3215-5744;;;744 - Anexo;;http://www.camara.gov.br/internet/deputado/bandep/141422.jpg;M
dep.elcionebarbalho@camara.leg.br;;Elcione Therezinha Zahluth Barbalho;ELCIONE BARBALHO;PMDB;PA;;(61) 3215-5919;;;919 - Anexo;;http://www.camara.gov.br/internet/deputado/bandep/74075.jpg;F
dep.elicorreafilho@camara.leg.br;;Adriano Eli Corrêa;ELI CORRÊA FILHO;DEM;SP;;(61) 3215-5850;;;850 - Anexo;;http://www.camara.gov.br/internet/deputado/bandep/160532.jpg;M
dep.elizeudionizio@camara.leg.br;;Elizeu Dionizio Souza da Silva;ELIZEU DIONIZIO;PSDB;MS;X;(61) 3215-5531;;;531 - Anexo;;http://www.camara.gov.br/internet/deputado/bandep/181316.jpg;M
dep.elizianegama@camara.leg.br;;Eliziane Pereira Gama Ferreira;ELIZIANE GAMA;PPS;MA;;(61) 3215-5205;;;205 - Anexo;;http://www.camara.gov.br/internet/deputado/bandep/178883.jpg;F
dep.elmarnascimento@camara.leg.br;;Elmar Jose Vieira Nascimento;ELMAR NASCIMENTO;DEM;BA;X;(61) 3215-5935;;;935 - Anexo;;http://www.camara.gov.br/internet/deputado/bandep/178854.jpg;M
dep.enioverri@camara.leg.br;;Enio José Verri;ENIO VERRI;PT;PR;;(61) 3215-5472;;;472 - Anexo;;http://www.camara.gov.br/internet/deputado/bandep/132504.jpg;M
dep.erikakokay@camara.leg.br;;Érika Jucá Kokay;ERIKA KOKAY;PT;DF;X;(61) 3215-5203;;;203 - Anexo;;http://www.camara.gov.br/internet/deputado/bandep/160575.jpg;F
dep.eriveltonsantana@camara.leg.br;;Erivelton Lima Santana;ERIVELTON SANTANA;PEN;BA;;(61) 3215-5756;;;756 - Anexo;;http://www.camara.gov.br/internet/deputado/bandep/99654.jpg;M
dep.erosbiondini@camara.leg.br;;Eros Ferreira Biondini;EROS BIONDINI;PROS;MG;;(61) 3215-5321;;;;;http://www.camara.gov.br/internet/deputado/bandep/160640.jpg;M
dep.esperidiaoamin@camara.leg.br;;Esperidião Amin Helou Filho;ESPERIDIÃO AMIN;PP;SC;X;(61) 3215-5252;;;252 - Anexo;;http://www.camara.gov.br/internet/deputado/bandep/160649.jpg;M
dep.evairvieirademelo@camara.leg.br;;Evair Vieira de Melo;EVAIR VIEIRA DE MELO;PV;ES;;(61) 3215-5443;;;443 - Anexo;;http://www.camara.gov.br/internet/deputado/bandep/178871.jpg;M
dep.evandrogussi@camara.leg.br;;Evandro Herrera Bertone Gussi;EVANDRO GUSSI;PV;SP;X;(61) 3215-5433;;;433 - Anexo;;http://www.camara.gov.br/internet/deputado/bandep/178828.jpg;M
dep.evandroroman@camara.leg.br;;Evandro Rogerio Roman;EVANDRO ROMAN;PSD;PR;;(61) 3215-5303;;;303 - Anexo;;http://www.camara.gov.br/internet/deputado/bandep/178930.jpg;M
dep.expeditonetto@camara.leg.br;;Expedito Goncalves Ferreira Netto;EXPEDITO NETTO;PSD;RO;X;(61) 3215-5943;;;943 - Anexo;;http://www.camara.gov.br/internet/deputado/bandep/178953.jpg;M
dep.ezequielfonseca@camara.leg.br;;Ezequiel Angelo Fonseca;EZEQUIEL FONSECA;PP;MT;;(61) 3215-5658;;;658 - Anexo;;http://www.camara.gov.br/internet/deputado/bandep/178904.jpg;M
dep.ezequielteixeira@camara.leg.br;;Ezequiel Cortaz Teixeira;EZEQUIEL TEIXEIRA;PTN;RJ;;(61) 3215-5210;;;210 - Anexo;;http://www.camara.gov.br/internet/deputado/bandep/178941.jpg;M
dep.fabianohorta@camara.leg.br;;Fabiano Taques Horta;FABIANO HORTA;PT;RJ;;(61) 3215-5483;;;483 - Anexo;;http://www.camara.gov.br/internet/deputado/bandep/146829.jpg;M
dep.fabiofaria@camara.leg.br;;Fábio Salustino Mesquita de Faria;FÁBIO FARIA;PSD;RN;X;(61) 3215-5706;;;706 - Anexo;;http://www.camara.gov.br/internet/deputado/bandep/141428.jpg;M
dep.fabiogarcia@camara.leg.br;;Fabio Paulino Garcia;FABIO GARCIA;PSB;MT;;(61) 3215-5278;;;278 - Anexo;;http://www.camara.gov.br/internet/deputado/bandep/178905.jpg;M
dep.fabiomitidieri@camara.leg.br;;Fabio Cruz Mitidieri;FÁBIO MITIDIERI;PSD;SE;;(61) 3215-5286;;;286 - Anexo;;http://www.camara.gov.br/internet/deputado/bandep/178969.jpg;M
dep.fabioramalho@camara.leg.br;;Fábio Augusto Ramalho Dos Santos;FÁBIO RAMALHO;PMDB;MG;X;(61) 3215-5452;;;452 - Anexo;;http://www.camara.gov.br/internet/deputado/bandep/141427.jpg;M
dep.fabioreis@camara.leg.br;;Fabio de Almeida Reis;FABIO REIS;PMDB;SE;;(61) 3215-5456;;;456 - Anexo;;http://www.camara.gov.br/internet/deputado/bandep/171623.jpg;M
dep.fabiosousa@camara.leg.br;;Fabio Fernandes de Sousa;FÁBIO SOUSA;PSDB;GO;X;(61) 3215-5271;;;271 - Anexo;;http://www.camara.gov.br/internet/deputado/bandep/178877.jpg;M
dep.faustopinato@camara.leg.br;;Fausto Ruy Pinato;FAUSTO PINATO;PP;SP;X;(61) 3215-5562;;;562 - Anexo;;http://www.camara.gov.br/internet/deputado/bandep/66828.jpg;M
dep.felipebornier@camara.leg.br;;Felipe Leone Bornier de Oliveira;FELIPE BORNIER;PROS;RJ;;(61) 3215-5216;;;216 - Anexo;;http://www.camara.gov.br/internet/deputado/bandep/141430.jpg;M
dep.felipemaia@camara.leg.br;;Felipe Catalão Maia;FELIPE MAIA;DEM;RN;X;(61) 3215-5528;;;528 - Anexo;;http://www.camara.gov.br/internet/deputado/bandep/141429.jpg;M
dep.felixmendoncajunior@camara.leg.br;;Felix de Almeida Mendonça Júnior;FÉLIX MENDONÇA JÚNIOR;PDT;BA;X;(61) 3215-5912;;;912 - Anexo;;http://www.camara.gov.br/internet/deputado/bandep/160666.jpg;M
dep.fernandofrancischini@camara.leg.br;;Fernando Destito Francischini;FERNANDO FRANCISCHINI;SD;PR;;(61) 3215-5265;;;265 - Anexo;;http://www.camara.gov.br/internet/deputado/bandep/160646.jpg;M
dep.fernandojordao@camara.leg.br;;Fernando Antônio Ceciliano Jordão;FERNANDO JORDÃO;PMDB;RJ;;(61) 3215-5626;;;626 - Anexo;;http://www.camara.gov.br/internet/deputado/bandep/163831.jpg;M
dep.fernandomonteiro@camara.leg.br;;Fernando Monteiro de Albuquerque;FERNANDO MONTEIRO;PP;PE;;(61) 3215-5282;;;282 - Anexo;;http://www.camara.gov.br/internet/deputado/bandep/92699.jpg;M
dep.fernandotorres@camara.leg.br;;Fernando Dantas Torres;FERNANDO TORRES;PSD;BA;;(61) 3215-5642;;;642 - Anexo;;http://www.camara.gov.br/internet/deputado/bandep/160676.jpg;M
dep.flaviamorais@camara.leg.br;;Flávia Carreiro Albuquerque Morais;FLÁVIA MORAIS;PDT;GO;;(61) 3215-5738;;;738 - Anexo;;http://www.camara.gov.br/internet/deputado/bandep/160598.jpg;F
dep.flavianomelo@camara.leg.br;;Flaviano Flávio Baptista de Melo;FLAVIANO MELO;PMDB;AC;;(61) 3215-5224;;;224 - Anexo;;http://www.camara.gov.br/internet/deputado/bandep/141434.jpg;M
dep.flavinho@camara.leg.br;;Flavio Augusto da Silva;FLAVINHO;PSB;SP;;(61) 3215-5379;;;379 - Anexo;;http://www.camara.gov.br/internet/deputado/bandep/178978.jpg;M
dep.franciscochapadinha@camara.leg.br;;Francisco Alves de Aguiar;FRANCISCO CHAPADINHA;PTN;PA;;(61) 3215-5385;;;385 - Anexo;;http://www.camara.gov.br/internet/deputado/bandep/178907.jpg;M
dep.franciscofloriano@camara.leg.br;;Francisco Floriano de Sousa Silva;FRANCISCO FLORIANO;DEM;RJ;X;(61) 3215-5719;;;719 - Anexo;;http://www.camara.gov.br/internet/deputado/bandep/160677.jpg;M
dep.franklinlima@camara.leg.br;;Franklin Roberto de Lima Souza;FRANKLIN LIMA;PP;MG;;(61) 3215-5627;;;627 - Anexo;;http://www.camara.gov.br/internet/deputado/bandep/186775.jpg;M
dep.gabrielguimaraes@camara.leg.br;;Gabriel Guimarães de Andrade;GABRIEL GUIMARÃES;PT;MG;X;(61) 3215-5821;;;821 - Anexo;;http://www.camara.gov.br/internet/deputado/bandep/129037.jpg;M
dep.geneciasnoronha@camara.leg.br;;Genecias Mateus Noronha;GENECIAS NORONHA;SD;CE;X;(61) 3215-5244;;;244 - Anexo;;http://www.camara.gov.br/internet/deputado/bandep/160669.jpg;M
dep.georgehilton@camara.leg.br;;George Hilton Dos Santos Cecílio;GEORGE HILTON;PROS;MG;;(61) 3215-5804;;;804 - Anexo;;http://www.camara.gov.br/internet/deputado/bandep/141441.jpg;M
dep.geovaniadesa@camara.leg.br;;Geovania de Sa Rodrigues;GEOVANIA DE SÁ;PSDB;SC;;(61) 3215-5606;;;606 - Anexo;;http://www.camara.gov.br/internet/deputado/bandep/178966.jpg;F
dep.geraldoresende@camara.leg.br;;Geraldo Resende Pereira;GERALDO RESENDE;PSDB;MS;;(61) 3215-5905;;;905 - Anexo;;http://www.camara.gov.br/internet/deputado/bandep/74374.jpg;M
dep.giacobo@camara.leg.br;;Fernando Lucio Giacobo;GIACOBO;PR;PR;;(61) 3215-5762;;;762 - Anexo;;http://www.camara.gov.br/internet/deputado/bandep/74383.jpg;M
dep.gilbertonascimento@camara.leg.br;;Gilberto Nascimento Silva;GILBERTO NASCIMENTO;PSC;SP;;(61) 3215-5834;;;834 - Anexo;;http://www.camara.gov.br/internet/deputado/bandep/74270.jpg;M
dep.giovanicherini@camara.leg.br;;Giovani Cherini;GIOVANI CHERINI;S.PART.;RS;;(61) 3215-5468;;;468 - Anexo;;http://www.camara.gov.br/internet/deputado/bandep/160673.jpg;M
dep.giuseppevecci@camara.leg.br;;Giuseppe Vecci;GIUSEPPE VECCI;PSDB;GO;;(61) 3215-5383;;;383 - Anexo;;http://www.camara.gov.br/internet/deputado/bandep/178878.jpg;M
dep.givaldocarimbao@camara.leg.br;;Givaldo de Sá Gouveia;GIVALDO CARIMBÃO;PHS;AL;;(61) 3215-5732;;;732 - Anexo;;http://www.camara.gov.br/internet/deputado/bandep/74558.jpg;M
dep.givaldovieira@camara.leg.br;;Givaldo Vieira da Silva;GIVALDO VIEIRA;PT;ES;;(61) 3215-5805;;;805 - Anexo;;http://www.camara.gov.br/internet/deputado/bandep/178872.jpg;M
dep.glauberbraga@camara.leg.br;;Glauber de Medeiros Braga;GLAUBER BRAGA;PSOL;RJ;;(61) 3215-5362;;;362 - Anexo;;http://www.camara.gov.br/internet/deputado/bandep/152605.jpg;M
dep.gonzagapatriota@camara.leg.br;;Luiz Gonzaga Patriota;GONZAGA PATRIOTA;PSB;PE;X;(61) 3215-5430;;;430 - Anexo;;http://www.camara.gov.br/internet/deputado/bandep/74419.jpg;M
dep.goretepereira@camara.leg.br;;Maria Gorete Pereira;GORETE PEREIRA;PR;CE;X;(61) 3215-5206;;;206 - Anexo;;http://www.camara.gov.br/internet/deputado/bandep/129618.jpg;F
dep.goulart@camara.leg.br;;Antonio Goulart Dos Reis;GOULART;PSD;SP;;(61) 3215-5533;;;533 - Anexo;;http://www.camara.gov.br/internet/deputado/bandep/178980.jpg;M
dep.guilhermecoelho@camara.leg.br;;Guilherme Cruz de Souza Coelho;GUILHERME COELHO;PSDB;PE;;(61) 3215-5718;;;718 - Anexo;;http://www.camara.gov.br/internet/deputado/bandep/194259.jpg;M
dep.guilhermemussi@camara.leg.br;;Guilherme Mussi Ferreira;GUILHERME MUSSI;PP;SP;;(61) 3215-5712;;;712 - Anexo;;http://www.camara.gov.br/internet/deputado/bandep/160667.jpg;M
dep.heitorschuch@camara.leg.br;;Heitor Jose Schuch;HEITOR SCHUCH;PSB;RS;;(61) 3215-5277;;;277 - Anexo;;http://www.camara.gov.br/internet/deputado/bandep/178964.jpg;M
dep.heldersalomao@camara.leg.br;;Helder Ignacio Salomao;HELDER SALOMÃO;PT;ES;;(61) 3215-5573;;;573 - Anexo;;http://www.camara.gov.br/internet/deputado/bandep/178873.jpg;M
dep.helioleite@camara.leg.br;;Helio Leite da Silva;HÉLIO LEITE;DEM;PA;;(61) 3215-5403;;;403 - Anexo;;http://www.camara.gov.br/internet/deputado/bandep/178909.jpg;M
dep.henriquefontana@camara.leg.br;;Henrique Fontana Júnior;HENRIQUE FONTANA;PT;RS;;(61) 3215-5256;;;256 - Anexo;;http://www.camara.gov.br/internet/deputado/bandep/73482.jpg;M
dep.heraclitofortes@camara.leg.br;;Heráclito de Sousa Fortes;HERÁCLITO FORTES;PSB;PI;;(61) 3215-5708;;;708 - Anexo;;http://www.camara.gov.br/internet/deputado/bandep/97707.jpg;M
dep.herculanopassos@camara.leg.br;;Herculano Castilho Passos Junior;HERCULANO PASSOS;PSD;SP;;(61) 3215-5926;;;926 - Anexo;;http://www.camara.gov.br/internet/deputado/bandep/178981.jpg;M
dep.hermesparcianello@camara.leg.br;;Hermes Parcianello;HERMES PARCIANELLO;PMDB;PR;;(61) 3215-5234;;;234 - Anexo;;http://www.camara.gov.br/internet/deputado/bandep/73772.jpg;M
dep.heulercruvinel@camara.leg.br;;Heuler Abreu Cruvinel;HEULER CRUVINEL;PSD;GO;;(61) 3215-5536;;;536 - Anexo;;http://www.camara.gov.br/internet/deputado/bandep/160596.jpg;M
dep.hildorocha@camara.leg.br;;Hildo Augusto da Rocha Neto;HILDO ROCHA;PMDB;MA;X;(61) 3215-5734;;;734 - Anexo;;http://www.camara.gov.br/internet/deputado/bandep/178884.jpg;M
dep.hirangoncalves@camara.leg.br;;Hiran Manuel Goncalves da Silva;HIRAN GONÇALVES;PP;RR;X;(61) 3215-5274;;;274 - Anexo;;http://www.camara.gov.br/internet/deputado/bandep/178959.jpg;M
dep.hissaabrahao@camara.leg.br;;Hissa Nagib Abrahao Filho;HISSA ABRAHÃO;PDT;AM;;(61) 3215-5272;;;272 - Anexo;;http://www.camara.gov.br/internet/deputado/bandep/178849.jpg;M
dep.hugoleal@camara.leg.br;;Hugo Leal Melo da Silva;HUGO LEAL;PSB;RJ;X;(61) 3215-5631;;;631 - Anexo;;http://www.camara.gov.br/internet/deputado/bandep/141450.jpg;M
dep.hugomotta@camara.leg.br;;Hugo Motta Wanderley da Nóbrega;HUGO MOTTA;PMDB;PB;X;(61) 3215-5237;;;237 - Anexo;;http://www.camara.gov.br/internet/deputado/bandep/160674.jpg;M
dep.ildonmarques@camara.leg.br;;Ildon Marques de Souza;ILDON MARQUES;PSB;MA;;(61) 3215-5945;;;945 - Anexo;;http://www.camara.gov.br/internet/deputado/bandep/194592.jpg;M
dep.indiodacosta@camara.leg.br;;Antônio Pedro de Siqueira Indio da Costa;INDIO DA COSTA;PSD;RJ;X;(61) 3215-5509;;;509 - Anexo;;http://www.camara.gov.br/internet/deputado/bandep/141389.jpg;M
dep.iracemaportella@camara.leg.br;;Iracema Maria Portella Nunes Nogueira Lima;IRACEMA PORTELLA;PP;PI;;(61) 3215-5924;;;924 - Anexo;;http://www.camara.gov.br/internet/deputado/bandep/67138.jpg;F
dep.irajaabreu@camara.leg.br;;Irajá Silvestre Filho;IRAJÁ ABREU;PSD;TO;;(61) 3215-5802;;;802 - Anexo;;http://www.camara.gov.br/internet/deputado/bandep/81232.jpg;M
dep.ivanvalente@camara.leg.br;;Ivan Valente;IVAN VALENTE;PSOL;SP;X;(61) 3215-5716;;;716 - Anexo;;http://www.camara.gov.br/internet/deputado/bandep/73531.jpg;M
dep.izalci@camara.leg.br;;Izalci Lucas Ferreira;IZALCI;PSDB;DF;;(61) 3215-5602;;;602 - Anexo;;http://www.camara.gov.br/internet/deputado/bandep/4931.jpg;M
dep.jaimemartins@camara.leg.br;;Jaime Martins Filho;JAIME MARTINS;PSD;MG;;(61) 3215-5904;;;904 - Anexo;;http://www.camara.gov.br/internet/deputado/bandep/74665.jpg;M
dep.jairbolsonaro@camara.leg.br;;Jair Messias Bolsonaro;JAIR BOLSONARO;PSC;RJ;;(61) 3215-5482;;;482 - Anexo;;http://www.camara.gov.br/internet/deputado/bandep/74847.jpg;M
dep.jandirafeghali@camara.leg.br;;Jandira Feghali;JANDIRA FEGHALI;PCdoB;RJ;;(61) 3215-5622;;;622 - Anexo;;http://www.camara.gov.br/internet/deputado/bandep/74848.jpg;F
dep.janetecapiberibe@camara.leg.br;;Janete Maria Góes Capiberibe;JANETE CAPIBERIBE;PSB;AP;X;(61) 3215-5209;;;209 - Anexo;;http://www.camara.gov.br/internet/deputado/bandep/73926.jpg;F
dep.jarbasvasconcelos@camara.leg.br;;Jarbas de Andrade Vasconcelos;JARBAS VASCONCELOS;PMDB;PE;;(61) 3215-5304;;;304 - Anexo;;http://www.camara.gov.br/internet/deputado/bandep/131943.jpg;M
dep.jeanwyllys@camara.leg.br;;Jean Wyllys de Matos Santos;JEAN WYLLYS;PSOL;RJ;;(61) 3215-5646;;;646 - Anexo;;http://www.camara.gov.br/internet/deputado/bandep/160672.jpg;M
dep.jeffersoncampos@camara.leg.br;;Jefferson Alves de Campos;JEFFERSON CAMPOS;PSD;SP;X;(61) 3215-5346;;;346 - Anexo;;http://www.camara.gov.br/internet/deputado/bandep/74273.jpg;M
dep.jeronimogoergen@camara.leg.br;;Jerônimo Pizzolotto Goergen;JERÔNIMO GOERGEN;PP;RS;X;(61) 3215-5316;;;316 - Anexo;;http://www.camara.gov.br/internet/deputado/bandep/160570.jpg;M
dep.jessicasales@camara.leg.br;;Jessica Rojas Sales;JÉSSICA SALES;PMDB;AC;;(61) 3215-5952;;;952 - Anexo;;http://www.camara.gov.br/internet/deputado/bandep/178839.jpg;F
dep.jhc@camara.leg.br;;Joao Henrique Holanda  Caldas;JHC;PSB;AL;X;(61) 3215-5958;;;958 - Anexo;;http://www.camara.gov.br/internet/deputado/bandep/178842.jpg;M
dep.jhonatandejesus@camara.leg.br;;Johnathan Pereira de Jesus;JHONATAN DE JESUS;PRB;RR;;(61) 3215-5535;;;535 - Anexo;;http://www.camara.gov.br/internet/deputado/bandep/160531.jpg;M
dep.jomoraes@camara.leg.br;;Maria do Socorro Jô Moraes;JÔ MORAES;PCdoB;MG;;(61) 3215-5322;;;322 - Anexo;;http://www.camara.gov.br/internet/deputado/bandep/141503.jpg;F
dep.joaoarruda@camara.leg.br;;João José de Arruda Júnior;JOÃO ARRUDA;PMDB;PR;;(61) 3215-5633;;;633 - Anexo;;http://www.camara.gov.br/internet/deputado/bandep/160573.jpg;M
dep.joaocampos@camara.leg.br;;João Campos de Araújo;JOÃO CAMPOS;PRB;GO;X;(61) 3215-5315;;;315 - Anexo;;http://www.camara.gov.br/internet/deputado/bandep/74366.jpg;M
dep.joaocarlosbacelar@camara.leg.br;;João Carlos Paolilo Bacelar Filho;JOÃO CARLOS BACELAR;PR;BA;X;(61) 3215-5928;;;928 - Anexo;;http://www.camara.gov.br/internet/deputado/bandep/141458.jpg;M
dep.joaocastelo@camara.leg.br;;João Castelo Ribeiro Gonçalves;JOÃO CASTELO;PSDB;MA;;(61) 3215-5324;;;324 - Anexo;;http://www.camara.gov.br/internet/deputado/bandep/74445.jpg;M
dep.joaodaniel@camara.leg.br;;Joao Somariva Daniel;JOÃO DANIEL;PT;SE;;(61) 3215-5605;;;605 - Anexo;;http://www.camara.gov.br/internet/deputado/bandep/178970.jpg;M
dep.joaoderly@camara.leg.br;;Joao Derly de Oliveira Nunes Junior;JOÃO DERLY;REDE;RS;;(61) 3215-5901;;;901 - Anexo;;http://www.camara.gov.br/internet/deputado/bandep/178965.jpg;M
dep.joaofernandocoutinho@camara.leg.br;;Joao Fernando Pontual Coutinho;JOÃO FERNANDO COUTINHO;PSB;PE;X;32155567- Fax: 32152567;;;567 - Anexo;;http://www.camara.gov.br/internet/deputado/bandep/178917.jpg;M
dep.joaogualberto@camara.leg.br;;Joao Gualberto Vasconcelos;JOÃO GUALBERTO;PSDB;BA;;(61) 3215-5358;;;358 - Anexo;;http://www.camara.gov.br/internet/deputado/bandep/178856.jpg;M
dep.joaomarcelosouza@camara.leg.br;;João Marcelo Santos Souza;JOÃO MARCELO SOUZA;PMDB;MA;;(61) 3215-5639;;;639 - Anexo;;http://www.camara.gov.br/internet/deputado/bandep/112437.jpg;M
dep.joaopaulopapa@camara.leg.br;;Joao Paulo Tavares Papa;JOÃO PAULO PAPA;PSDB;SP;;(61) 3215-5476;;;476 - Anexo;;http://www.camara.gov.br/internet/deputado/bandep/178988.jpg;M
dep.joaorodrigues@camara.leg.br;;João Rodrigues;JOÃO RODRIGUES;PSD;SC;;(61) 3215-5503;;;503 - Anexo;;http://www.camara.gov.br/internet/deputado/bandep/160571.jpg;M
dep.joaquimpassarinho@camara.leg.br;;Joaquim Passarinho Pinto de Souza Porto;JOAQUIM PASSARINHO;PSD;PA;;(61) 3215-5339;;;339 - Anexo;;http://www.camara.gov.br/internet/deputado/bandep/178910.jpg;M
dep.jonesmartins@camara.leg.br;;Jones Alexandre Martins;JONES MARTINS;PMDB;RS;;(61) 3215-5927;;;927 - Anexo;;http://www.camara.gov.br/internet/deputado/bandep/194262.jpg;M
dep.jonymarcos@camara.leg.br;;Jony Marcos de Souza Araujo;JONY MARCOS;PRB;SE;;(61) 3215-5807;;;807 - Anexo;;http://www.camara.gov.br/internet/deputado/bandep/178971.jpg;M
dep.jorgeboeira@camara.leg.br;;Jorge Catarino Leonardeli Boeira;JORGE BOEIRA;PP;SC;;(61) 3215-5342;;;342 - Anexo;;http://www.camara.gov.br/internet/deputado/bandep/74388.jpg;M
dep.jorgecortereal@camara.leg.br;;Jorge Wicks Côrte Real;JORGE CÔRTE REAL;PTB;PE;;(61) 3215-5621;;;621 - Anexo;;http://www.camara.gov.br/internet/deputado/bandep/160572.jpg;M
dep.jorgesolla@camara.leg.br;;Jorge Jose Santos Pereira Solla;JORGE SOLLA;PT;BA;;(61) 3215-5571;;;571 - Anexo;;http://www.camara.gov.br/internet/deputado/bandep/178857.jpg;M
dep.jorgetadeumudalen@camara.leg.br;;Jorge Tadeu Mudalen;JORGE TADEU MUDALEN;DEM;SP;;(61) 3215-5538;;;538 - Anexo;;http://www.camara.gov.br/internet/deputado/bandep/73535.jpg;M
dep.jorginhomello@camara.leg.br;;Jorginho Dos Santos Mello;JORGINHO MELLO;PR;SC;X;(61) 3215-5329;;;329 - Anexo;;http://www.camara.gov.br/internet/deputado/bandep/160509.jpg;M
dep.joseairtoncirilo@camara.leg.br;;José Airton Félix Cirilo da Silva;JOSÉ AIRTON CIRILO;PT;CE;;(61) 3215-5319;;;319 - Anexo;;http://www.camara.gov.br/internet/deputado/bandep/141464.jpg;M
dep.josecarlosaleluia@camara.leg.br;;José Carlos Aleluia Costa;JOSÉ CARLOS ALELUIA;DEM;BA;X;(61) 3215-5854;;;854 - Anexo;;http://www.camara.gov.br/internet/deputado/bandep/74553.jpg;M
dep.josecarlosaraujo@camara.leg.br;;José Carlos Leão de Araújo;JOSÉ CARLOS ARAÚJO;PR;BA;X;(61) 3215-5232;;;232 - Anexo;;http://www.camara.gov.br/internet/deputado/bandep/74140.jpg;M
dep.josefogaca@camara.leg.br;;José Alberto Fogaça de Medeiros;JOSÉ FOGAÇA;PMDB;RS;X;(61) 3215-5376;;;376 - Anexo;;http://www.camara.gov.br/internet/deputado/bandep/131966.jpg;M
dep.joseguimaraes@camara.leg.br;;José Nobre Guimarães;JOSÉ GUIMARÃES;PT;CE;X;(61) 3215-5306;;;306 - Anexo;;http://www.camara.gov.br/internet/deputado/bandep/141470.jpg;M
dep.josementor@camara.leg.br;;José Mentor Guilherme de  Mello Netto;JOSÉ MENTOR;PT;SP;X;(61) 3215-5502;;;502 - Anexo;;http://www.camara.gov.br/internet/deputado/bandep/74275.jpg;M
dep.josenunes@camara.leg.br;;José Nunes Soares;JOSÉ NUNES;PSD;BA;;(61) 3215-5728;;;728 - Anexo;;http://www.camara.gov.br/internet/deputado/bandep/160619.jpg;M
dep.joseotaviogermano@camara.leg.br;;José Otávio Germano;JOSÉ OTÁVIO GERMANO;PP;RS;;(61) 3215-5424;;;424 - Anexo;;http://www.camara.gov.br/internet/deputado/bandep/74395.jpg;M
dep.josepriante@camara.leg.br;;José Benito Priante Júnior;JOSÉ PRIANTE;PMDB;PA;;(61) 3215-5752;;;752 - Anexo;;http://www.camara.gov.br/internet/deputado/bandep/74079.jpg;M
dep.josereinaldo@camara.leg.br;;José Reinaldo Carneiro Tavares;JOSÉ REINALDO;PSB;MA;;(61) 3215-5529;;;529 - Anexo;;http://www.camara.gov.br/internet/deputado/bandep/73714.jpg;M
dep.joserocha@camara.leg.br;;José Alves Rocha;JOSÉ ROCHA;PR;BA;;(61) 3215-5908;;;908 - Anexo;;http://www.camara.gov.br/internet/deputado/bandep/74554.jpg;M
dep.josestedile@camara.leg.br;;Jose Luiz Stédile;JOSE STÉDILE;PSB;RS;;(61) 3215-5354;;;354 - Anexo;;http://www.camara.gov.br/internet/deputado/bandep/160607.jpg;M
dep.josinunes@camara.leg.br;;Josiniane Braga Nunes;JOSI NUNES;PMDB;TO;;(61) 3215-5950;;;950 - Anexo;;http://www.camara.gov.br/internet/deputado/bandep/114941.jpg;F
dep.josuebengtson@camara.leg.br;;Josué Bengtson;JOSUÉ BENGTSON;PTB;PA;;(61) 3215-5505;;;505 - Anexo;;http://www.camara.gov.br/internet/deputado/bandep/74351.jpg;M
dep.jovairarantes@camara.leg.br;;Jovair de Oliveira Arantes;JOVAIR ARANTES;PTB;GO;;(61) 3215-5504;;;504 - Anexo;;http://www.camara.gov.br/internet/deputado/bandep/73666.jpg;M
dep.joziaraujo@camara.leg.br;;Joziane Araujo Nascimento Rocha;JOZI ARAÚJO;PTN;AP;;(61) 3215-5309;;;309 - Anexo;;http://www.camara.gov.br/internet/deputado/bandep/178851.jpg;F
dep.juliamarinho@camara.leg.br;;Julia Maria Godinho da Cruz Marinho;JÚLIA MARINHO;PSC;PA;;(61) 3215-5707;;;707 - Anexo;;http://www.camara.gov.br/internet/deputado/bandep/67312.jpg;F
dep.juliocesar@camara.leg.br;;Júlio César de Carvalho Lima;JÚLIO CESAR;PSD;PI;;(61) 3215-5944;;;944 - Anexo;;http://www.camara.gov.br/internet/deputado/bandep/74317.jpg;M
dep.juliodelgado@camara.leg.br;;Júlio César Delgado;JÚLIO DELGADO;PSB;MG;X;(61) 3215-5323;;;323 - Anexo;;http://www.camara.gov.br/internet/deputado/bandep/73586.jpg;M
dep.juliolopes@camara.leg.br;;Julio Luiz Baptista Lopes;JULIO LOPES;PP;RJ;;(61) 3215-5544;;;544 - Anexo;;http://www.camara.gov.br/internet/deputado/bandep/74253.jpg;M
dep.juniormarreca@camara.leg.br;;Antonio da Cruz Filgueira Junior;JUNIOR MARRECA;PEN;MA;;(61) 3215-5537;;;537 - Anexo;;http://www.camara.gov.br/internet/deputado/bandep/178885.jpg;M
dep.juscelinofilho@camara.leg.br;;Jose Juscelino Dos Santos Rezende Filho;JUSCELINO FILHO;DEM;MA;X;(61) 3215-5370;;;370 - Anexo;;http://www.camara.gov.br/internet/deputado/bandep/178886.jpg;M
dep.jutahyjunior@camara.leg.br;;Jutahy Magalhães Júnior;JUTAHY JUNIOR;PSDB;BA;X;(61) 3215-5407;;;407 - Anexo;;http://www.camara.gov.br/internet/deputado/bandep/74570.jpg;M
dep.kaiomanicoba@camara.leg.br;;Kaio Cesar de Moura Manicoba Novaes Ferraz;KAIO MANIÇOBA;PMDB;PE;X;(61) 3215-5525;;;525 - Anexo;;http://www.camara.gov.br/internet/deputado/bandep/178918.jpg;M
dep.keikoota@camara.leg.br;;Iolanda Keiko Miashiro  Ota;KEIKO OTA;PSB;SP;;(61) 3215-5523;;;523 - Anexo;;http://www.camara.gov.br/internet/deputado/bandep/160659.jpg;F
dep.laerciooliveira@camara.leg.br;;Laercio José de Oliveira;LAERCIO OLIVEIRA;SD;SE;X;(61) 3215-5629;;;629 - Anexo;;http://www.camara.gov.br/internet/deputado/bandep/151208.jpg;M
dep.laertebessa@camara.leg.br;;Laerte Rodrigues Bessa;LAERTE BESSA;PR;DF;;(61) 3215-5340;;;340 - Anexo;;http://www.camara.gov.br/internet/deputado/bandep/141478.jpg;M
dep.laudiviocarvalho@camara.leg.br;;Laudivio Alvarenga Carvalho;LAUDIVIO CARVALHO;SD;MG;;(61) 3215-5717;;;717 - Anexo;;http://www.camara.gov.br/internet/deputado/bandep/178894.jpg;M
dep.lauracarneiro@camara.leg.br;;Maria Laura Monteza de Souza Carneiro;LAURA CARNEIRO;PMDB;RJ;X;(61) 3215-5437;;;437 - Anexo;;http://www.camara.gov.br/internet/deputado/bandep/74856.jpg;F
dep.lazarobotelho@camara.leg.br;;Lázaro Botelho Martins;LÁZARO BOTELHO;PP;TO;;(61) 3215-5478;;;478 - Anexo;;http://www.camara.gov.br/internet/deputado/bandep/141480.jpg;M
dep.leandre@camara.leg.br;;Leandre Dal Ponte;LEANDRE;PV;PR;;(61) 3215-5454;;;454 - Anexo;;http://www.camara.gov.br/internet/deputado/bandep/178832.jpg;F
dep.lelocoimbra@camara.leg.br;;Welington Coimbra;LELO COIMBRA;PMDB;ES;;(61) 3215-5801;;;801 - Anexo;;http://www.camara.gov.br/internet/deputado/bandep/141562.jpg;M
dep.leodebrito@camara.leg.br;;Leonardo Cunha de Brito;LEO DE BRITO;PT;AC;;(61) 3215-5619;;;619 - Anexo;;http://www.camara.gov.br/internet/deputado/bandep/178825.jpg;M
dep.leonardomonteiro@camara.leg.br;;José Leonardo Costa Monteiro;LEONARDO MONTEIRO;PT;MG;;(61) 3215-5922;;;922 - Anexo;;http://www.camara.gov.br/internet/deputado/bandep/74156.jpg;M
dep.leonardoquintao@camara.leg.br;;Leonardo Lemos Barros Quintão;LEONARDO QUINTÃO;PMDB;MG;;(61) 3215-5914;;;914 - Anexo;;http://www.camara.gov.br/internet/deputado/bandep/141482.jpg;M
dep.leonidascristino@camara.leg.br;;José Leônidas de Menezes Cristino;LEÔNIDAS CRISTINO;PDT;CE;;(61) 3215-5948;;;948 - Anexo;;http://www.camara.gov.br/internet/deputado/bandep/74299.jpg;M
dep.leopoldomeyer@camara.leg.br;;Leopoldo Costa Meyer;LEOPOLDO MEYER;PSB;PR;;(61) 3215-5233;;;233 - Anexo;;http://www.camara.gov.br/internet/deputado/bandep/160663.jpg;M
dep.lincolnportela@camara.leg.br;;Lincoln Diniz Portela;LINCOLN PORTELA;PRB;MG;X;(61) 3215-5615;;;615 - Anexo;;http://www.camara.gov.br/internet/deputado/bandep/74585.jpg;M
dep.lindomargarcon@camara.leg.br;;Lindomar Barbosa Alves;LINDOMAR GARÇON;PRB;RO;;(61) 3215-5548;;;548 - Anexo;;http://www.camara.gov.br/internet/deputado/bandep/141483.jpg;M
dep.lobbeneto@camara.leg.br;;Antonio Adolpho Lobbe Neto;LOBBE NETO;PSDB;SP;;(61) 3215-5275;;;275 - Anexo;;http://www.camara.gov.br/internet/deputado/bandep/74277.jpg;M
dep.lucasvergilio@camara.leg.br;;Lucas de Castro Santos;LUCAS VERGILIO;SD;GO;;(61) 3215-5816;;;816 - Anexo;;http://www.camara.gov.br/internet/deputado/bandep/178879.jpg;M
dep.lucianasantos@camara.leg.br;;Luciana Barbosa de Oliveira Santos;LUCIANA SANTOS;PCdoB;PE;;(61) 3215-5524;;;524 - Anexo;;http://www.camara.gov.br/internet/deputado/bandep/160628.jpg;F
dep.lucianoducci@camara.leg.br;;Luciano Ducci;LUCIANO DUCCI;PSB;PR;;(61) 3215-5427;;;427 - Anexo;;http://www.camara.gov.br/internet/deputado/bandep/178931.jpg;M
dep.luciomosquini@camara.leg.br;;Lucio Antonio Mosquini;LUCIO MOSQUINI;PMDB;RO;;(61) 3215-5581;;;581 - Anexo;;http://www.camara.gov.br/internet/deputado/bandep/178954.jpg;M
dep.luciovale@camara.leg.br;;Lúcio Dutra Vale;LÚCIO VALE;PR;PA;;(61) 3215-5822;;;822 - Anexo;;http://www.camara.gov.br/internet/deputado/bandep/141484.jpg;M
dep.luciovieiralima@camara.leg.br;;Lúcio Quadros Vieira Lima;LUCIO VIEIRA LIMA;PMDB;BA;;(61) 3215-5612;;;612 - Anexo;;http://www.camara.gov.br/internet/deputado/bandep/94931.jpg;M
dep.luiscarlosheinze@camara.leg.br;;Luis Carlos Heinze;LUIS CARLOS HEINZE;PP;RS;;(61) 3215-5526;;;526 - Anexo;;http://www.camara.gov.br/internet/deputado/bandep/73483.jpg;M
dep.luistibe@camara.leg.br;;Luis Henrique de Oliveira Resende;LUIS TIBÉ;PTdoB;MG;;(61) 3215-5632;;;632 - Anexo;;http://www.camara.gov.br/internet/deputado/bandep/160510.jpg;M
dep.luizcarlosbusato@camara.leg.br;;Luiz Carlos Ghiorzzi Busato;LUIZ CARLOS BUSATO;PTB;RS;;(61) 3215-5570;;;570 - Anexo;;http://www.camara.gov.br/internet/deputado/bandep/141485.jpg;M
dep.luizcarloshauly@camara.leg.br;;Luiz Carlos Jorge Hauly;LUIZ CARLOS HAULY;PSDB;PR;;(61) 3215-5220;;;220 - Anexo;;http://www.camara.gov.br/internet/deputado/bandep/73778.jpg;M
dep.luizcarlosramos@camara.leg.br;;Luiz Carlos Ramos;LUIZ CARLOS RAMOS;PTN;RJ;;(61) 3215-5636;;;636 - Anexo;;http://www.camara.gov.br/internet/deputado/bandep/178802.jpg;M
dep.luizclaudio@camara.leg.br;;Luiz Claudio Pereira Alves;LUIZ CLÁUDIO;PR;RO;;(61) 3215-5643;;;643 - Anexo;;http://www.camara.gov.br/internet/deputado/bandep/178955.jpg;M
dep.luizcouto@camara.leg.br;;Luiz Albuquerque Couto;LUIZ COUTO;PT;PB;X;(61) 3215-5442;;;442 - Anexo;;http://www.camara.gov.br/internet/deputado/bandep/74041.jpg;M
dep.luizfernandofaria@camara.leg.br;;Luiz Fernando Ramos Faria;LUIZ FERNANDO FARIA;PP;MG;;(61) 3215-5832;;;832 - Anexo;;http://www.camara.gov.br/internet/deputado/bandep/141487.jpg;M
dep.luizlaurofilho@camara.leg.br;;Luiz Lauro Ferreira Filho;LUIZ LAURO FILHO;PSB;SP;;(61) 3215-5519;;;519 - Anexo;;http://www.camara.gov.br/internet/deputado/bandep/178982.jpg;M
dep.luiznishimori@camara.leg.br;;Luiz Hiloshi Nishimori;LUIZ NISHIMORI;PR;PR;;(61) 3215-5907;;;907 - Anexo;;http://www.camara.gov.br/internet/deputado/bandep/162332.jpg;M
dep.luizsergio@camara.leg.br;;Luiz Sérgio Nóbrega de Oliveira;LUIZ SÉRGIO;PT;RJ;;(61) 3215-5409;;;409 - Anexo;;http://www.camara.gov.br/internet/deputado/bandep/74688.jpg;M
dep.luizaerundina@camara.leg.br;;Luiza Erundina de Sousa;LUIZA ERUNDINA;PSOL;SP;;(61) 3215-5620;;;620 - Anexo;;http://www.camara.gov.br/internet/deputado/bandep/74784.jpg;F
dep.luiziannelins@camara.leg.br;;Luizianne de Oliveira Lins;LUIZIANNE LINS;PT;CE;;(61) 3215-5713;;;713 - Anexo;;http://www.camara.gov.br/internet/deputado/bandep/178866.jpg;F
dep.macedo@camara.leg.br;;Jose Maria Macedo Junior;MACEDO;PP;CE;;(61) 3215-5214;;;214 - Anexo;;http://www.camara.gov.br/internet/deputado/bandep/178867.jpg;M
dep.magdamofatto@camara.leg.br;;Magda Mofatto Hon;MAGDA MOFATTO;PR;GO;;(61) 3215-5934;;;934 - Anexo;;http://www.camara.gov.br/internet/deputado/bandep/166402.jpg;F
dep.maiafilho@camara.leg.br;;José de Andrade Maia Filho;MAIA FILHO;PP;PI;X;(61) 3215-5624;;;624 - Anexo;;http://www.camara.gov.br/internet/deputado/bandep/151965.jpg;M
dep.majorolimpio@camara.leg.br;;Sergio Olimpio Gomes;MAJOR OLIMPIO;SD;SP;;(61) 3215-5279;;;279 - Anexo;;http://www.camara.gov.br/internet/deputado/bandep/178826.jpg;M
dep.mandetta@camara.leg.br;;Luiz Henrique Mandetta;MANDETTA;DEM;MS;;(61) 3215-5577;;;577 - Anexo;;http://www.camara.gov.br/internet/deputado/bandep/160633.jpg;M
dep.manoeljunior@camara.leg.br;;Manoel Alves da Silva Junior;MANOEL JUNIOR;PMDB;PB;X;(61) 3215-5601;;;601 - Anexo;;http://www.camara.gov.br/internet/deputado/bandep/141490.jpg;M
dep.maragabrilli@camara.leg.br;;Mara Cristina Gabrilli;MARA GABRILLI;PSDB;SP;;(61) 3215-5226;;;226 - Anexo;;http://www.camara.gov.br/internet/deputado/bandep/160565.jpg;F
dep.marceloaguiar@camara.leg.br;;Marcelo Theodoro de Aguiar;MARCELO AGUIAR;DEM;SP;;(61) 3215-5367;;;367 - Anexo;;http://www.camara.gov.br/internet/deputado/bandep/160660.jpg;M
dep.marceloalvaroantonio@camara.leg.br;;Marcelo Henrique Teixeira Dias;MARCELO ÁLVARO ANTÔNIO;PR;MG;;(61) 3215-5824;;;824 - Anexo;;http://www.camara.gov.br/internet/deputado/bandep/179000.jpg;M
dep.marceloaro@camara.leg.br;;Marcelo Guilherme de Aro Ferreira;MARCELO ARO;PHS;MG;;(61) 3215-5280;;;280 - Anexo;;http://www.camara.gov.br/internet/deputado/bandep/146788.jpg;M
dep.marcelobelinati@camara.leg.br;;Marcelo Belinati Martins;MARCELO BELINATI;PP;PR;;(61) 3215-5268;;;268 - Anexo;;http://www.camara.gov.br/internet/deputado/bandep/178932.jpg;M
dep.marcelocastro@camara.leg.br;;Marcelo Costa e Castro;MARCELO CASTRO;PMDB;PI;;(61) 3215-5811;;;811 - Anexo;;http://www.camara.gov.br/internet/deputado/bandep/74460.jpg;M
dep.marcelomatos@camara.leg.br;;Marcelo Viviani Gonçalves;MARCELO MATOS;PHS;RJ;;(61) 3215-5579;;;579 - Anexo;;http://www.camara.gov.br/internet/deputado/bandep/76287.jpg;M
dep.marcelosquassoni@camara.leg.br;;Marcelo Squassoni;MARCELO SQUASSONI;PRB;SP;;(61) 3215-5550;;;550 - Anexo;;http://www.camara.gov.br/internet/deputado/bandep/118594.jpg;M
dep.marcioalvino@camara.leg.br;;Marcio Luiz Alvino de Souza;MARCIO ALVINO;PR;SP;;(61) 3215-5331;;;331 - Anexo;;http://www.camara.gov.br/internet/deputado/bandep/178983.jpg;M
dep.marciomarinho@camara.leg.br;;Márcio Carlos Marinho;MÁRCIO MARINHO;PRB;BA;;(61) 3215-5326;;;326 - Anexo;;http://www.camara.gov.br/internet/deputado/bandep/150418.jpg;M
dep.marcomaia@camara.leg.br;;Marco Aurélio Spall Maia;MARCO MAIA;PT;RS;;(61) 3215-5964;;;Sala 20 Ed. Principal - Anexo;;http://www.camara.gov.br/internet/deputado/bandep/133373.jpg;M
dep.marcotebaldi@camara.leg.br;;Marco Antonio Tebaldi;MARCO TEBALDI;PSDB;SC;;(61) 3215-5284;;;284 - Anexo;;http://www.camara.gov.br/internet/deputado/bandep/160536.jpg;M
dep.marcon@camara.leg.br;;Dionilso Mateus Marcon;MARCON;PT;RS;;(61) 3215-5569;;;569 - Anexo;;http://www.camara.gov.br/internet/deputado/bandep/160535.jpg;M
dep.marcosabrao@camara.leg.br;;Marcos Abrao Roriz Soares de Carvalho;MARCOS ABRÃO;PPS;GO;;(61) 3215-5375;;;375 - Anexo;;http://www.camara.gov.br/internet/deputado/bandep/178880.jpg;M
dep.marcosmontes@camara.leg.br;;Marcos Montes Cordeiro;MARCOS MONTES;PSD;MG;;(61) 3215-5334;;;334 - Anexo;;http://www.camara.gov.br/internet/deputado/bandep/141500.jpg;M
dep.marcosreategui@camara.leg.br;;Marcos Jose Reategui Souza;MARCOS REATEGUI;PSD;AP;;(61) 3215-5344;;;344 - Anexo;;http://www.camara.gov.br/internet/deputado/bandep/178852.jpg;M
dep.marcosrogerio@camara.leg.br;;Marcos Rogério da Silva Brito;MARCOS ROGÉRIO;DEM;RO;X;(61) 3215-5930;;;930 - Anexo;;http://www.camara.gov.br/internet/deputado/bandep/167722.jpg;M
dep.marcosrotta@camara.leg.br;;Marcos Sergio Rotta;MARCOS ROTTA;PMDB;AM;;(61) 3215-5333;;;333 - Anexo;;http://www.camara.gov.br/internet/deputado/bandep/178850.jpg;M
dep.marcossoares@camara.leg.br;;Marcos Bezerra Ribeiro Soares;MARCOS SOARES;DEM;RJ;;(61) 3215-5741;;;741 - Anexo;;http://www.camara.gov.br/internet/deputado/bandep/178943.jpg;M
dep.marcuspestana@camara.leg.br;;Marcus Vinícius Caetano Pestana da Silva;MARCUS PESTANA;PSDB;MG;;(61) 3215-5715;;;715 - Anexo;;http://www.camara.gov.br/internet/deputado/bandep/159238.jpg;M
dep.marcusvicente@camara.leg.br;;Marcus Antonio Vicente;MARCUS VICENTE;PP;ES;;(61) 3215-5360;;;360 - Anexo;;http://www.camara.gov.br/internet/deputado/bandep/74235.jpg;M
dep.margaridasalomao@camara.leg.br;;Maria Margarida Martins Salomão;MARGARIDA SALOMÃO;PT;MG;;(61) 3215-5236;;;236 - Anexo;;http://www.camara.gov.br/internet/deputado/bandep/171619.jpg;F
dep.mariadorosario@camara.leg.br;;Maria do Rosário Nunes;MARIA DO ROSÁRIO;PT;RS;X;(61) 3215-5312;;;312 - Anexo;;http://www.camara.gov.br/internet/deputado/bandep/74398.jpg;F
dep.mariahelena@camara.leg.br;;Maria Helena Veronese Rodrigues;MARIA HELENA;PSB;RR;;(61) 3215-5410;;;410 - Anexo;;http://www.camara.gov.br/internet/deputado/bandep/64960.jpg;F
dep.marianacarvalho@camara.leg.br;;Mariana Fonseca Ribeiro Carvalho de Moraes;MARIANA CARVALHO;PSDB;RO;;(61) 3215-5508;;;508 - Anexo;;http://www.camara.gov.br/internet/deputado/bandep/178956.jpg;F
dep.marinaldorosendo@camara.leg.br;;Marinaldo Rosendo de Albuquerque;MARINALDO ROSENDO;PSB;PE;;(61) 3215-5827;;;827 - Anexo;;http://www.camara.gov.br/internet/deputado/bandep/178919.jpg;M
dep.marinharaupp@camara.leg.br;;Marinha Celia Rocha Raupp de Matos;MARINHA RAUPP;PMDB;RO;;(61) 3215-5614;;;614 - Anexo;;http://www.camara.gov.br/internet/deputado/bandep/74177.jpg;F
dep.marioheringer@camara.leg.br;;Mário Lúcio Heringer;MÁRIO HERINGER;PDT;MG;;(61) 3215-5211;;;211 - Anexo;;http://www.camara.gov.br/internet/deputado/bandep/74158.jpg;M
dep.marionegromontejr@camara.leg.br;;Mario Silvio Mendes Negromonte Junior;MÁRIO NEGROMONTE JR.;PP;BA;X;(61) 3215-5517;;;517 - Anexo;;http://www.camara.gov.br/internet/deputado/bandep/178858.jpg;M
dep.marquinhomendes@camara.leg.br;;Marcos da Rocha Mendes;MARQUINHO MENDES;PMDB;RJ;;(61) 3215-5302;;;302 - Anexo;;http://www.camara.gov.br/internet/deputado/bandep/181315.jpg;M
dep.marxbeltrao@camara.leg.br;;Marx Beltrão Lima Siqueira;MARX BELTRÃO;PMDB;AL;;(61) 3215-5474;;;474 - Anexo;;http://www.camara.gov.br/internet/deputado/bandep/178843.jpg;M
dep.maurobenevides@camara.leg.br;;Carlos Mauro Cabral Benevides;MAURO BENEVIDES;PMDB;CE;X;(61) 3215-5731;;;731 - Anexo;;http://www.camara.gov.br/internet/deputado/bandep/73588.jpg;M
dep.maurolopes@camara.leg.br;;Mauro Ribeiro Lopes;MAURO LOPES;PMDB;MG;;(61) 3215-5844;;;844 - Anexo;;http://www.camara.gov.br/internet/deputado/bandep/74749.jpg;M
dep.mauromariani@camara.leg.br;;Mauro Mariani;MAURO MARIANI;PMDB;SC;;(61) 3215-5925;;;925 - Anexo;;http://www.camara.gov.br/internet/deputado/bandep/141507.jpg;M
dep.mauropereira@camara.leg.br;;Mauro Pereira;MAURO PEREIRA;PMDB;RS;;(61) 3215-5843;;;843 - Anexo;;http://www.camara.gov.br/internet/deputado/bandep/124411.jpg;M
dep.maxfilho@camara.leg.br;;Max Freitas Mauro Filho;MAX FILHO;PSDB;ES;X;(61) 3215-5276;;;276 - Anexo;;http://www.camara.gov.br/internet/deputado/bandep/178827.jpg;M
dep.miguelhaddad@camara.leg.br;;Miguel Moubadda Haddad;MIGUEL HADDAD;PSDB;SP;;(61) 3215-5369;;;369 - Anexo;;http://www.camara.gov.br/internet/deputado/bandep/178984.jpg;M
dep.miguellombardi@camara.leg.br;;Miguel Lombardi;MIGUEL LOMBARDI;PR;SP;;(61) 3215-5835;;;835 - Anexo;;http://www.camara.gov.br/internet/deputado/bandep/178985.jpg;M
dep.miltonmonti@camara.leg.br;;Milton Antonio Casquel Monti;MILTON MONTI;PR;SP;;(61) 3215-5328;;;328 - Anexo;;http://www.camara.gov.br/internet/deputado/bandep/74787.jpg;M
dep.miroteixeira@camara.leg.br;;Miro Teixeira;MIRO TEIXEIRA;REDE;RJ;;(61) 3215-5270;;;270 - Anexo;;http://www.camara.gov.br/internet/deputado/bandep/74862.jpg;M
dep.misaelvarella@camara.leg.br;;Misael Artur Ferreira Varella;MISAEL VARELLA;DEM;MG;;(61) 3215-5721;;;721 - Anexo;;http://www.camara.gov.br/internet/deputado/bandep/178895.jpg;M
dep.missionariojoseolimpio@camara.leg.br;;José Olimpio Silveira Moraes;MISSIONÁRIO JOSÉ OLIMPIO;DEM;SP;;(61) 3215-5507;;;507 - Anexo;;http://www.camara.gov.br/internet/deputado/bandep/160561.jpg;M
dep.moemagramacho@camara.leg.br;;Moema Isabel Passos Gramacho;MOEMA GRAMACHO;PT;BA;X;(61) 3215-5576;;;576 - Anexo;;http://www.camara.gov.br/internet/deputado/bandep/178859.jpg;F
dep.moronitorgan@camara.leg.br;;Moroni Bing Torgan;MORONI TORGAN;DEM;CE;X;(61) 3215-5445;;;445 - Anexo;;http://www.camara.gov.br/internet/deputado/bandep/74457.jpg;M
dep.mosesrodrigues@camara.leg.br;;Moses Haendel Melo Rodrigues;MOSES RODRIGUES;PMDB;CE;;(61) 3215-5809;;;809 - Anexo;;http://www.camara.gov.br/internet/deputado/bandep/178997.jpg;M
dep.nelsonmarchezanjunior@camara.leg.br;;Nelson Marchezan Júnior;NELSON MARCHEZAN JUNIOR;PSDB;RS;X;(61) 3215-5250;;;250 - Anexo;;http://www.camara.gov.br/internet/deputado/bandep/160567.jpg;M
dep.nelsonmarquezelli@camara.leg.br;;Nelson Marquezelli;NELSON MARQUEZELLI;PTB;SP;;(61) 3215-5920;;;920 - Anexo;;http://www.camara.gov.br/internet/deputado/bandep/73553.jpg;M
dep.nelsonmeurer@camara.leg.br;;Nelson Meurer;NELSON MEURER;PP;PR;;(61) 3215-5916;;;916 - Anexo;;http://www.camara.gov.br/internet/deputado/bandep/73781.jpg;M
dep.nelsonpadovani@camara.leg.br;;Nelson Padovani;NELSON PADOVANI;PSDB;PR;;(61) 3215-5513;;;513 - Anexo;;http://www.camara.gov.br/internet/deputado/bandep/160566.jpg;M
dep.newtoncardosojr@camara.leg.br;;Newton Cardoso Junior;NEWTON CARDOSO JR;PMDB;MG;;(61) 3215-5932;;;932 - Anexo;;http://www.camara.gov.br/internet/deputado/bandep/178896.jpg;M
dep.nilsonleitao@camara.leg.br;;Nilson Aparecido Leitão;NILSON LEITÃO;PSDB;MT;;(61) 3215-5825;;;825 - Anexo;;http://www.camara.gov.br/internet/deputado/bandep/166401.jpg;M
dep.nilsonpinto@camara.leg.br;;Nilson Pinto de Oliveira;NILSON PINTO;PSDB;PA;;(61) 3215-5527;;;527 - Anexo;;http://www.camara.gov.br/internet/deputado/bandep/74352.jpg;M
dep.niltotatto@camara.leg.br;;Nilto Ignacio Tatto;NILTO TATTO;PT;SP;;(61) 3215-5267;;;267 - Anexo;;http://www.camara.gov.br/internet/deputado/bandep/178986.jpg;M
dep.niltoncapixaba@camara.leg.br;;Nilton Balbino;NILTON CAPIXABA;PTB;RO;;(61) 3215-5724;;;724 - Anexo;;http://www.camara.gov.br/internet/deputado/bandep/74359.jpg;M
dep.nivaldoalbuquerque@camara.leg.br;;Nivaldo Ferreira de Albuquerque Neto;NIVALDO ALBUQUERQUE;PRP;AL;;(61) 3215-5425;;;425 - Anexo;;http://www.camara.gov.br/internet/deputado/bandep/194260.jpg;M
dep.odelmoleao@camara.leg.br;;Odelmo Leão Carneiro Sobrinho;ODELMO LEÃO;PP;MG;X;(61) 3215-5419;;;419 - Anexo;;http://www.camara.gov.br/internet/deputado/bandep/74752.jpg;M
dep.odoricomonteiro@camara.leg.br;;Luiz Odorico Monteiro de Andrade;ODORICO MONTEIRO;PROS;CE;;(61) 3215-5582;;;582 - Anexo;;http://www.camara.gov.br/internet/deputado/bandep/178868.jpg;M
dep.onyxlorenzoni@camara.leg.br;;Onyx Dornelles Lorenzoni;ONYX LORENZONI;DEM;RS;X;(61) 3215-5828;;;828 - Anexo;;http://www.camara.gov.br/internet/deputado/bandep/74399.jpg;M
dep.orlandosilva@camara.leg.br;;Orlando Silva de Jesus Junior;ORLANDO SILVA;PCdoB;SP;;(61) 3215-5923;;;923 - Anexo;;http://www.camara.gov.br/internet/deputado/bandep/178987.jpg;M
dep.osmarserraglio@camara.leg.br;;Osmar José Serraglio;OSMAR SERRAGLIO;PMDB;PR;X;(61) 3215-5845;;;845 - Anexo;;http://www.camara.gov.br/internet/deputado/bandep/73463.jpg;M
dep.otavioleite@camara.leg.br;;Otavio Santos Silva Leite;OTAVIO LEITE;PSDB;RJ;;(61) 3215-5225;;;225 - Anexo;;http://www.camara.gov.br/internet/deputado/bandep/141515.jpg;M
dep.padrejoao@camara.leg.br;;João Carlos Siqueira;PADRE JOÃO;PT;MG;;(61) 3215-5743;;;743 - Anexo;;http://www.camara.gov.br/internet/deputado/bandep/160556.jpg;M
dep.paeslandim@camara.leg.br;;José Francisco Paes Landim;PAES LANDIM;PTB;PI;X;(61) 3215-5648;;;648 - Anexo;;http://www.camara.gov.br/internet/deputado/bandep/74319.jpg;M
dep.pastoreurico@camara.leg.br;;Francisco Eurico da Silva;PASTOR EURICO;PHS;PE;X;(61) 3215-5906;;;906 - Anexo;;http://www.camara.gov.br/internet/deputado/bandep/160642.jpg;M
dep.pastorlucianobraga@camara.leg.br;;Luciano Fred Braga Penha;PASTOR LUCIANO BRAGA;PMB;BA;;(61) 3215-5467;;;467 - Anexo;;http://www.camara.gov.br/internet/deputado/bandep/193982.jpg;M
dep.patrusananias@camara.leg.br;;Patrus Ananias de Sousa;PATRUS ANANIAS;PT;MG;X;(61) 3215-5720;;;720 - Anexo;;http://www.camara.gov.br/internet/deputado/bandep/74160.jpg;M
dep.pauderneyavelino@camara.leg.br;;Pauderney Tomaz Avelino;PAUDERNEY AVELINO;DEM;AM;X;(61) 3215-5610;;;610 - Anexo;;http://www.camara.gov.br/internet/deputado/bandep/74095.jpg;M
dep.paulao@camara.leg.br;;Paulo Fernando Dos Santos;PAULÃO;PT;AL;;(61) 3215-5366;;;366 - Anexo;;http://www.camara.gov.br/internet/deputado/bandep/171617.jpg;M
dep.pauloabiackel@camara.leg.br;;Paulo Abi-Ackel;PAULO ABI-ACKEL;PSDB;MG;X;(61) 3215-5460;;;460 - Anexo;;http://www.camara.gov.br/internet/deputado/bandep/141516.jpg;M
dep.pauloazi@camara.leg.br;;Paulo Velloso Dantas Azi;PAULO AZI;DEM;BA;;(61) 3215-5635;;;635 - Anexo;;http://www.camara.gov.br/internet/deputado/bandep/178860.jpg;M
dep.paulofeijo@camara.leg.br;;Paulo Fernando Feijó Torres;PAULO FEIJÓ;PR;RJ;;(61) 3215-5336;;;336 - Anexo;;http://www.camara.gov.br/internet/deputado/bandep/74017.jpg;M
dep.paulofoletto@camara.leg.br;;Paulo Roberto Foletto;PAULO FOLETTO;PSB;ES;;(61) 3215-5839;;;839 - Anexo;;http://www.camara.gov.br/internet/deputado/bandep/160517.jpg;M
dep.paulofreire@camara.leg.br;;Paulo Roberto Freire da Costa;PAULO FREIRE;PR;SP;X;(61) 3215-5416;;;416 - Anexo;;http://www.camara.gov.br/internet/deputado/bandep/160558.jpg;M
dep.paulomagalhaes@camara.leg.br;;Paulo Sérgio Paranhos de Magalhães;PAULO MAGALHÃES;PSD;BA;X;(61) 3215-5903;;;903 - Anexo;;http://www.camara.gov.br/internet/deputado/bandep/74574.jpg;M
dep.paulomaluf@camara.leg.br;;Paulo Salim Maluf;PAULO MALUF;PP;SP;X;(61) 3215-5512;;;512 - Anexo;;http://www.camara.gov.br/internet/deputado/bandep/132056.jpg;M
dep.paulomartins@camara.leg.br;;Paulo Eduardo Lima Martins;PAULO MARTINS;PSDB;PR;;(61) 3215-5962;;;962 - Anexo;;http://www.camara.gov.br/internet/deputado/bandep/193726.jpg;M
dep.paulopereiradasilva@camara.leg.br;;Paulo Pereira da Silva;PAULO PEREIRA DA SILVA;SD;SP;;(61) 3215-5217;;;217 - Anexo;;http://www.camara.gov.br/internet/deputado/bandep/141518.jpg;M
dep.paulopimenta@camara.leg.br;;Paulo Roberto Severo Pimenta;PAULO PIMENTA;PT;RS;;(61) 3215-5552;;;552 - Anexo;;http://www.camara.gov.br/internet/deputado/bandep/74400.jpg;M
dep.pauloteixeira@camara.leg.br;;Luiz Paulo Teixeira Ferreira;PAULO TEIXEIRA;PT;SP;X;(61) 3215-5281;;;281 - Anexo;;http://www.camara.gov.br/internet/deputado/bandep/141488.jpg;M
dep.pedrochaves@camara.leg.br;;Pedro Pinheiro Chaves;PEDRO CHAVES;PMDB;GO;;(61) 3215-5406;;;406 - Anexo;;http://www.camara.gov.br/internet/deputado/bandep/74812.jpg;M
dep.pedrocunhalima@camara.leg.br;;Pedro Oliveira Cunha Lima;PEDRO CUNHA LIMA;PSDB;PB;;(61) 3215-5611;;;611 - Anexo;;http://www.camara.gov.br/internet/deputado/bandep/178912.jpg;M
dep.pedrofernandes@camara.leg.br;;Pedro Fernandes Ribeiro;PEDRO FERNANDES;PTB;MA;;(61) 3215-5814;;;814 - Anexo;;http://www.camara.gov.br/internet/deputado/bandep/74449.jpg;M
dep.pedropaulo@camara.leg.br;;Pedro Paulo Carvalho Teixeira;PEDRO PAULO;PMDB;RJ;;(61) 3215-5727;;;727 - Anexo;;http://www.camara.gov.br/internet/deputado/bandep/122158.jpg;M
dep.pedrouczai@camara.leg.br;;Pedro Francisco Uczai;PEDRO UCZAI;PT;SC;;(61) 3215-5229;;;229 - Anexo;;http://www.camara.gov.br/internet/deputado/bandep/160604.jpg;M
dep.pedrovilela@camara.leg.br;;Pedro Torres Brandão Vilela;PEDRO VILELA;PSDB;AL;;(61) 3215-5705;;;705 - Anexo;;http://www.camara.gov.br/internet/deputado/bandep/178844.jpg;M
dep.pepevargas@camara.leg.br;;Gilberto José Spier Vargas;PEPE VARGAS;PT;RS;;(61) 3215-5858;;;858 - Anexo;;http://www.camara.gov.br/internet/deputado/bandep/141445.jpg;M
dep.pompeodemattos@camara.leg.br;;Darci Pompeo de Mattos;POMPEO DE MATTOS;PDT;RS;X;(61) 3215-5704;;;704 - Anexo;;http://www.camara.gov.br/internet/deputado/bandep/73486.jpg;M
dep.pr.marcofeliciano@camara.leg.br;;Marco Antonio Feliciano;PR. MARCO FELICIANO;PSC;SP;X;(61) 3215-5254;;;254 - Anexo;;http://www.camara.gov.br/internet/deputado/bandep/160601.jpg;M
dep.professorsergiodeoliveira@camara.leg.br;;Sergio Paulo de Oliveira;PROFESSOR SÉRGIO DE OLIVEIRA;PSD;PR;;(61) 3215-5412;;;412 - Anexo;;http://www.camara.gov.br/internet/deputado/bandep/170673.jpg;M
dep.professorvictoriogalli@camara.leg.br;;Victório Galli Filho;PROFESSOR VICTÓRIO GALLI;PSC;MT;;(61) 3215-5539;;;539 - Anexo;;http://www.camara.gov.br/internet/deputado/bandep/148134.jpg;M
dep.professoradorinhaseabrarezende@camara.leg.br;;Maria Auxiliadora Seabra Rezende;PROFESSORA DORINHA SEABRA REZENDE;DEM;TO;;(61) 3215-5432;;;432 - Anexo;;http://www.camara.gov.br/internet/deputado/bandep/160639.jpg;F
dep.professoramarcivania@camara.leg.br;;Marcivania do Socorro da Rocha Flexa;PROFESSORA MARCIVANIA;PCdoB;AP;;(61) 3215-5338;;;338 - Anexo;;http://www.camara.gov.br/internet/deputado/bandep/160641.jpg;F
dep.rafaelmotta@camara.leg.br;;Rafael Huete da Motta;RAFAEL MOTTA;PSB;RN;;(61) 3215-5737;;;737 - Anexo;;http://www.camara.gov.br/internet/deputado/bandep/178951.jpg;M
dep.raimundogomesdematos@camara.leg.br;;Raimundo Gomes de Matos;RAIMUNDO GOMES DE MATOS;PSDB;CE;;(61) 3215-5725;;;725 - Anexo;;http://www.camara.gov.br/internet/deputado/bandep/74216.jpg;M
dep.raquelmuniz@camara.leg.br;;Tania Raquel de Queiroz Muniz;RAQUEL MUNIZ;PSD;MG;;(61) 3215-5444;;;444 - Anexo;;http://www.camara.gov.br/internet/deputado/bandep/178998.jpg;F
dep.reginaldolopes@camara.leg.br;;Reginaldo Lázaro de Oliveira Lopes;REGINALDO LOPES;PT;MG;;(61) 3215-5426;;;426 - Anexo;;http://www.camara.gov.br/internet/deputado/bandep/74161.jpg;M
dep.remidiomonai@camara.leg.br;;Remidio Monai Montessi;REMÍDIO MONAI;PR;RR;;(61) 3215-5641;;;641 - Anexo;;http://www.camara.gov.br/internet/deputado/bandep/178960.jpg;M
dep.renataabreu@camara.leg.br;;Renata Hellmeister de Abreu;RENATA ABREU;PTN;SP;;(61) 3215-5726;;;726 - Anexo;;http://www.camara.gov.br/internet/deputado/bandep/178989.jpg;F
dep.renatomolling@camara.leg.br;;Renato Delmar Molling;RENATO MOLLING;PP;RS;;(61) 3215-5337;;;337 - Anexo;;http://www.camara.gov.br/internet/deputado/bandep/141527.jpg;M
dep.renzobraz@camara.leg.br;;Renzo do Amaral Braz;RENZO BRAZ;PP;MG;;(61) 3215-5736;;;736 - Anexo;;http://www.camara.gov.br/internet/deputado/bandep/160654.jpg;M
dep.ricardoizar@camara.leg.br;;Ricardo Izar Junior;RICARDO IZAR;PP;SP;;(61) 3215-5634;;;634 - Anexo;;http://www.camara.gov.br/internet/deputado/bandep/160655.jpg;M
dep.ricardoteobaldo@camara.leg.br;;Ricardo Teobaldo Cavalcanti;RICARDO TEOBALDO;PTN;PE;;(61) 3215-5603;;;603 - Anexo;;http://www.camara.gov.br/internet/deputado/bandep/178920.jpg;M
dep.ricardotripoli@camara.leg.br;;José Ricardo Alvarenga Tripoli;RICARDO TRIPOLI;PSDB;SP;X;(61) 3215-5241;;;241 - Anexo;;http://www.camara.gov.br/internet/deputado/bandep/141472.jpg;M
dep.robertoalves@camara.leg.br;;Benedito Roberto Alves Ferreira;ROBERTO ALVES;PRB;SP;;(61) 3215-5946;;;946 - Anexo;;http://www.camara.gov.br/internet/deputado/bandep/152610.jpg;M
dep.robertobalestra@camara.leg.br;;Roberto Egídio Balestra;ROBERTO BALESTRA;PP;GO;;(61) 3215-5219;;;219 - Anexo;;http://www.camara.gov.br/internet/deputado/bandep/73674.jpg;M
dep.robertobritto@camara.leg.br;;Roberto Pereira de Britto;ROBERTO BRITTO;PP;BA;;(61) 3215-5733;;;733 - Anexo;;http://www.camara.gov.br/internet/deputado/bandep/141529.jpg;M
dep.robertodelucena@camara.leg.br;;Roberto Alves de Lucena;ROBERTO DE LUCENA;PV;SP;;(61) 3215-5235;;;235 - Anexo;;http://www.camara.gov.br/internet/deputado/bandep/160653.jpg;M
dep.robertofreire@camara.leg.br;;Roberto João Pereira Freire;ROBERTO FREIRE;PPS;SP;X;(61) 3215-5242;;;242 - Anexo;;http://www.camara.gov.br/internet/deputado/bandep/73805.jpg;M
dep.robertogoes@camara.leg.br;;Antonio Roberto Rodrigues Góes da Silva;ROBERTO GÓES;PDT;AP;;(61) 3215-5462;;;462 - Anexo;;http://www.camara.gov.br/internet/deputado/bandep/178995.jpg;M
dep.robertosales@camara.leg.br;;Roberto da Silva Sales;ROBERTO SALES;PRB;RJ;;(61) 3215-5332;;;332 - Anexo;;http://www.camara.gov.br/internet/deputado/bandep/178944.jpg;M
dep.rocha@camara.leg.br;;Wherles Fernandes da Rocha;ROCHA;PSDB;AC;X;(61) 3215-5607;;;607 - Anexo;;http://www.camara.gov.br/internet/deputado/bandep/178840.jpg;M
dep.rodrigodecastro@camara.leg.br;;Rodrigo Batista de Castro;RODRIGO DE CASTRO;PSDB;MG;X;(61) 3215-5701;;;701 - Anexo;;http://www.camara.gov.br/internet/deputado/bandep/141531.jpg;M
dep.rodrigomaia@camara.leg.br;;Rodrigo Felinto Ibarra Epitacio Maia;RODRIGO MAIA;DEM;RJ;;(61) 3215-5308;;;308 - Anexo;;http://www.camara.gov.br/internet/deputado/bandep/74693.jpg;M
dep.rodrigomartins@camara.leg.br;;Rodrigo Rodrigues de Souza Martins;RODRIGO MARTINS;PSB;PI;;(61) 3215-5558;;;558 - Anexo;;http://www.camara.gov.br/internet/deputado/bandep/178926.jpg;M
dep.rodrigopacheco@camara.leg.br;;Rodrigo Otavio Soares Pacheco;RODRIGO PACHECO;PMDB;MG;X;(61) 3215-5382;;;382 - Anexo;;http://www.camara.gov.br/internet/deputado/bandep/178897.jpg;M
dep.rogeriomarinho@camara.leg.br;;Rogério Simonetti Marinho;ROGÉRIO MARINHO;PSDB;RN;;(61) 3215-5446;;;446 - Anexo;;http://www.camara.gov.br/internet/deputado/bandep/141535.jpg;M
dep.rogeriopeninhamendonca@camara.leg.br;;Rogério Mendonça;ROGÉRIO PENINHA MENDONÇA;PMDB;SC;;(61) 3215-5656;;;656 - Anexo;;http://www.camara.gov.br/internet/deputado/bandep/160651.jpg;M
dep.rogeriorosso@camara.leg.br;;Rogério Schumann Rosso;ROGÉRIO ROSSO;PSD;DF;X;(61) 3215-5283;;;283 - Anexo;;http://www.camara.gov.br/internet/deputado/bandep/160426.jpg;M
dep.romulogouveia@camara.leg.br;;Rômulo José de Gouveia;RÔMULO GOUVEIA;PSD;PB;;(61) 3215-5411;;;411 - Anexo;;http://www.camara.gov.br/internet/deputado/bandep/141536.jpg;M
dep.ronaldobenedet@camara.leg.br;;Ronaldo José Benedet;RONALDO BENEDET;PMDB;SC;;(61) 3215-5918;;;918 - Anexo;;http://www.camara.gov.br/internet/deputado/bandep/160515.jpg;M
dep.ronaldocarletto@camara.leg.br;;Ronaldo Carletto;RONALDO CARLETTO;PP;BA;;(61) 3215-5262;;;262 - Anexo;;http://www.camara.gov.br/internet/deputado/bandep/178861.jpg;M
dep.ronaldofonseca@camara.leg.br;;Ronaldo Fonseca de Souza;RONALDO FONSECA;PROS;DF;X;(61) 3215-5223;;;223 - Anexo;;http://www.camara.gov.br/internet/deputado/bandep/160637.jpg;M
dep.ronaldolessa@camara.leg.br;;Ronaldo Augusto Lessa Santos;RONALDO LESSA;PDT;AL;;(61) 3215-5722;;;722 - Anexo;;http://www.camara.gov.br/internet/deputado/bandep/178845.jpg;M
dep.ronaldomartins@camara.leg.br;;Ronaldo Manchado Martins;RONALDO MARTINS;PRB;CE;;(61) 3215-5568;;;568 - Anexo;;http://www.camara.gov.br/internet/deputado/bandep/122466.jpg;M
dep.roneynemer@camara.leg.br;;Rôney Tanios Nemer;RÔNEY NEMER;PP;DF;;(61) 3215-5572;;;572 - Anexo;;http://www.camara.gov.br/internet/deputado/bandep/178870.jpg;M
dep.rosangelagomes@camara.leg.br;;Rosangela de Souza Gomes;ROSANGELA GOMES;PRB;RJ;;(61) 3215-5438;;;438 - Anexo;;http://www.camara.gov.br/internet/deputado/bandep/178945.jpg;F
dep.rubensbueno@camara.leg.br;;Rubens Bueno;RUBENS BUENO;PPS;PR;;(61) 3215-5623;;;623 - Anexo;;http://www.camara.gov.br/internet/deputado/bandep/73466.jpg;M
dep.rubensotoni@camara.leg.br;;Rubens Otoni Gomide;RUBENS OTONI;PT;GO;X;(61) 3215-5501;;;501 - Anexo;;http://www.camara.gov.br/internet/deputado/bandep/74371.jpg;M
dep.rubenspereirajunior@camara.leg.br;;Rubens Pereira E Silva Junior;RUBENS PEREIRA JÚNIOR;PCdoB;MA;X;(61) 3215-5574;;;574 - Anexo;;http://www.camara.gov.br/internet/deputado/bandep/178887.jpg;M
dep.saguasmoraes@camara.leg.br;;Ságuas Moraes Sousa;SÁGUAS MORAES;PT;MT;;(61) 3215-5371;;;371 - Anexo;;http://www.camara.gov.br/internet/deputado/bandep/160630.jpg;M
dep.sandesjunior@camara.leg.br;;João Sandes Júnior;SANDES JÚNIOR;PP;GO;;(61) 3215-5941;;;941 - Anexo;;http://www.camara.gov.br/internet/deputado/bandep/74372.jpg;M
dep.sandroalex@camara.leg.br;;Sandro Alex Cruz de Oliveira;SANDRO ALEX;PSD;PR;X;(61) 3215-5221;;;221 - Anexo;;http://www.camara.gov.br/internet/deputado/bandep/160621.jpg;M
dep.saraivafelipe@camara.leg.br;;José Saraiva Felipe;SARAIVA FELIPE;PMDB;MG;;(61) 3215-5429;;;429 - Anexo;;http://www.camara.gov.br/internet/deputado/bandep/74762.jpg;M
dep.sergiobrito@camara.leg.br;;Sérgio Luís Lacerda Brito;SÉRGIO BRITO;PSD;BA;;(61) 3215-5638;;;638 - Anexo;;http://www.camara.gov.br/internet/deputado/bandep/73808.jpg;M
dep.sergiomoraes@camara.leg.br;;Sérgio Ivan Moraes;SÉRGIO MORAES;PTB;RS;;(61) 3215-5258;;;258 - Anexo;;http://www.camara.gov.br/internet/deputado/bandep/141542.jpg;M
dep.sergioreis@camara.leg.br;;Sergio Bavini;SÉRGIO REIS;PRB;SP;;(61) 3215-5213;;;213 - Anexo;;http://www.camara.gov.br/internet/deputado/bandep/178991.jpg;M
dep.sergiosouza@camara.leg.br;;Sergio de Souza;SERGIO SOUZA;PMDB;PR;X;(61) 3215-5702;;;702 - Anexo;;http://www.camara.gov.br/internet/deputado/bandep/178933.jpg;M
dep.sergiovidigal@camara.leg.br;;Antonio Sergio Alves Vidigal;SERGIO VIDIGAL;PDT;ES;;(61) 3215-5812;;;812 - Anexo;;http://www.camara.gov.br/internet/deputado/bandep/178874.jpg;M
dep.severinoninho@camara.leg.br;;Severino de Souza Silva;SEVERINO NINHO;PSB;PE;;(61) 3215-5314;;;314 - Anexo;;http://www.camara.gov.br/internet/deputado/bandep/167614.jpg;M
dep.sheridan@camara.leg.br;;Shéridan Estérfany Oliveira de Anchieta;SHÉRIDAN;PSDB;RR;;(61) 3215-5246;;;246 - Anexo;;http://www.camara.gov.br/internet/deputado/bandep/178961.jpg;F
dep.sibamachado@camara.leg.br;;Sebastião Sibá Machado Oliveira;SIBÁ MACHADO;PT;AC;;(61) 3215-5421;;;421 - Anexo;;http://www.camara.gov.br/internet/deputado/bandep/160613.jpg;M
dep.silascamara@camara.leg.br;;Silas Câmara;SILAS CÂMARA;PRB;AM;X;(61) 3215-5532;;;532 - Anexo;;http://www.camara.gov.br/internet/deputado/bandep/74356.jpg;M
dep.silasfreire@camara.leg.br;;Silas Freire Pereira E Silva;SILAS FREIRE;PR;PI;;(61) 3215-5484;;;484 - Anexo;;http://www.camara.gov.br/internet/deputado/bandep/187008.jpg;M
dep.silviocosta@camara.leg.br;;Sílvio Serafim Costa;SILVIO COSTA;PTdoB;PE;;(61) 3215-5417;;;417 - Anexo;;http://www.camara.gov.br/internet/deputado/bandep/4930.jpg;M
dep.silviotorres@camara.leg.br;;Silvio França Torres;SILVIO TORRES;PSDB;SP;;(61) 3215-5404;;;404 - Anexo;;http://www.camara.gov.br/internet/deputado/bandep/73560.jpg;M
dep.simaosessim@camara.leg.br;;Simao Sessim;SIMÃO SESSIM;PP;RJ;;(61) 3215-5709;;;709 - Anexo;;http://www.camara.gov.br/internet/deputado/bandep/73424.jpg;M
dep.simonemorgado@camara.leg.br;;Simone Maria Morgado Ferreira;SIMONE MORGADO;PMDB;PA;;(61) 3215-5440;;;440 - Anexo;;http://www.camara.gov.br/internet/deputado/bandep/178911.jpg;F
dep.sorayasantos@camara.leg.br;;Soraya Alencar Dos Santos;SORAYA SANTOS;PMDB;RJ;X;(61) 3215-5352;;;352 - Anexo;;http://www.camara.gov.br/internet/deputado/bandep/178946.jpg;F
dep.sostenescavalcante@camara.leg.br;;Sostenes Silva Cavalcante;SÓSTENES CAVALCANTE;DEM;RJ;X;(61) 3215-5560;;;560 - Anexo;;http://www.camara.gov.br/internet/deputado/bandep/178947.jpg;M
dep.stefanoaguiar@camara.leg.br;;Stefano Aguiar Dos Santos;STEFANO AGUIAR;PSD;MG;;(61) 3215-5341;;;341 - Anexo;;http://www.camara.gov.br/internet/deputado/bandep/92776.jpg;M
dep.subtenentegonzaga@camara.leg.br;;Luiz Gonzaga Ribeiro;SUBTENENTE GONZAGA;PDT;MG;;(61) 3215-5750;;;750 - Anexo;;http://www.camara.gov.br/internet/deputado/bandep/177282.jpg;M
dep.tadeualencar@camara.leg.br;;Francisco Tadeu Barbosa de Alencar;TADEU ALENCAR;PSB;PE;X;(61) 3215-5820;;;820 - Anexo;;http://www.camara.gov.br/internet/deputado/bandep/178922.jpg;M
dep.takayama@camara.leg.br;;Hidekazu Takayama;TAKAYAMA;PSC;PR;;(61) 3215-5910;;;910 - Anexo;;http://www.camara.gov.br/internet/deputado/bandep/74385.jpg;M
dep.tenentelucio@camara.leg.br;;Sergio Lucio de Almeida;TENENTE LÚCIO;PSB;MG;;(61) 3215-5239;;;239 - Anexo;;http://www.camara.gov.br/internet/deputado/bandep/178898.jpg;M
dep.terezacristina@camara.leg.br;;Tereza Cristina Correa da Costa Dias;TEREZA CRISTINA;PSB;MS;;(61) 3215-5448;;;448 - Anexo;;http://www.camara.gov.br/internet/deputado/bandep/178901.jpg;F
dep.tiaeron@camara.leg.br;;Eronildes Vasconcelos Carvalho;TIA ERON;PRB;BA;X;(61) 3215-5618;;;618 - Anexo;;http://www.camara.gov.br/internet/deputado/bandep/178862.jpg;F
dep.tiririca@camara.leg.br;;Francisco Everardo Oliveira Silva;TIRIRICA;PR;SP;;(61) 3215-5637;;;637 - Anexo;;http://www.camara.gov.br/internet/deputado/bandep/160976.jpg;M
dep.toninhopinheiro@camara.leg.br;;Antônio Pinheiro Júnior;TONINHO PINHEIRO;PP;MG;;(61) 3215-5584;;;584 - Anexo;;http://www.camara.gov.br/internet/deputado/bandep/160611.jpg;M
dep.toninhowandscheer@camara.leg.br;;Antonio Wandscheer;TONINHO WANDSCHEER;PROS;PR;;(61) 3215-5902;;;902 - Anexo;;http://www.camara.gov.br/internet/deputado/bandep/178934.jpg;M
dep.ulduricojunior@camara.leg.br;;Uldurico Alencar Pinto;ULDURICO JUNIOR;PV;BA;;(61) 3215-5729;;;729 - Anexo;;http://www.camara.gov.br/internet/deputado/bandep/178863.jpg;M
dep.valamelio@camara.leg.br;;Audival Amélio da Silva Neto;VAL AMÉLIO;PRTB;AL;;(61) 3215-5760;;;760 - Anexo;;http://www.camara.gov.br/internet/deputado/bandep/194340.jpg;M
dep.valadaresfilho@camara.leg.br;;Antônio Carlos Valadares Filho;VALADARES FILHO;PSB;SE;;(61) 3215-5660;;;660 - Anexo;;http://www.camara.gov.br/internet/deputado/bandep/141384.jpg;M
dep.valdircolatto@camara.leg.br;;Valdir Colatto;VALDIR COLATTO;PMDB;SC;;(61) 3215-5516;;;516 - Anexo;;http://www.camara.gov.br/internet/deputado/bandep/74010.jpg;M
dep.valmirassuncao@camara.leg.br;;Valmir Carlos da Assunção;VALMIR ASSUNÇÃO;PT;BA;;(61) 3215-5739;;;739 - Anexo;;http://www.camara.gov.br/internet/deputado/bandep/160610.jpg;M
dep.valmirprascidelli@camara.leg.br;;Valmir Prascidelli;VALMIR PRASCIDELLI;PT;SP;X;(61) 3215-5837;;;837 - Anexo;;http://www.camara.gov.br/internet/deputado/bandep/113247.jpg;M
dep.valtenirpereira@camara.leg.br;;Valtenir Luiz Pereira;VALTENIR PEREIRA;PMDB;MT;X;(61) 3215-5913;;;913 - Anexo;;http://www.camara.gov.br/internet/deputado/bandep/141552.jpg;M
dep.vanderloubet@camara.leg.br;;Vander Luiz Dos Santos Loubet;VANDER LOUBET;PT;MS;;(61) 3215-5838;;;;;http://www.camara.gov.br/internet/deputado/bandep/74376.jpg;M
dep.vanderleimacris@camara.leg.br;;Vanderlei Macris;VANDERLEI MACRIS;PSDB;SP;;(61) 3215-5348;;;348 - Anexo;;http://www.camara.gov.br/internet/deputado/bandep/141553.jpg;M
dep.venezianovitaldorego@camara.leg.br;;Veneziano Vital do Rêgo Segundo Neto;VENEZIANO VITAL DO RÊGO;PMDB;PB;X;(61) 3215-5833;;;833 - Anexo;;http://www.camara.gov.br/internet/deputado/bandep/178913.jpg;M
dep.vicentearruda@camara.leg.br;;Vicente Ferreira de Arruda Coelho;VICENTE ARRUDA;PDT;CE;X;(61) 3215-5522;;;522 - Anexo;;http://www.camara.gov.br/internet/deputado/bandep/74308.jpg;M
dep.vicentecandido@camara.leg.br;;Vicente Cândido da Silva;VICENTE CANDIDO;PT;SP;;(61) 3215-5819;;;819 - Anexo;;http://www.camara.gov.br/internet/deputado/bandep/160622.jpg;M
dep.vicentinho@camara.leg.br;;Vicente Paulo da Silva;VICENTINHO;PT;SP;X;(61) 3215-5740;;;740 - Anexo;;http://www.camara.gov.br/internet/deputado/bandep/74283.jpg;M
dep.vicentinhojunior@camara.leg.br;;Vicente Alves de Oliveira Junior;VICENTINHO JÚNIOR;PR;TO;;(61) 3215-5817;;;817 - Anexo;;http://www.camara.gov.br/internet/deputado/bandep/137070.jpg;M
dep.victormendes@camara.leg.br;;Carlos Victor Guterres Mendes;VICTOR MENDES;PSD;MA;;(61) 3215-5580;;;580 - Anexo;;http://www.camara.gov.br/internet/deputado/bandep/178888.jpg;M
dep.viniciuscarvalho@camara.leg.br;;Vinicius Rapozo de Carvalho;VINICIUS CARVALHO;PRB;SP;;(61) 3215-5356;;;356 - Anexo;;http://www.camara.gov.br/internet/deputado/bandep/141555.jpg;M
dep.viniciusgurgel@camara.leg.br;;Vinicius de Azevedo Gurgel;VINICIUS GURGEL;PR;AP;;(61) 3215-5852;;;852 - Anexo;;http://www.camara.gov.br/internet/deputado/bandep/160591.jpg;M
dep.vitorlippi@camara.leg.br;;Vitor Lippi;VITOR LIPPI;PSDB;SP;;(61) 3215-5823;;;823 - Anexo;;http://www.camara.gov.br/internet/deputado/bandep/178992.jpg;M
dep.vitorvalim@camara.leg.br;;Vitor Pereira Valim;VITOR VALIM;PMDB;CE;X;(61) 3215-5545;;;545 - Anexo;;http://www.camara.gov.br/internet/deputado/bandep/178869.jpg;M
dep.wadihdamous@camara.leg.br;;Wadih Nemer Damous Filho;WADIH DAMOUS;PT;RJ;X;(61) 3215-5330;;;330 - Anexo;;http://www.camara.gov.br/internet/deputado/bandep/189593.jpg;M
dep.waldenorpereira@camara.leg.br;;Waldenor Alves Pereira Filho;WALDENOR PEREIRA;PT;BA;;(61) 3215-5954;;;954 - Anexo;;http://www.camara.gov.br/internet/deputado/bandep/160569.jpg;M
dep.waldirmaranhao@camara.leg.br;;Waldir Maranhão Cardoso;WALDIR MARANHÃO;PP;MA;;(61) 3215-5575;;;575 - Anexo;;http://www.camara.gov.br/internet/deputado/bandep/141558.jpg;M
dep.walneyrocha@camara.leg.br;;Walney da Rocha Carvalho;WALNEY ROCHA;PEN;RJ;;(61) 3215-5585;;;585 - Anexo;;http://www.camara.gov.br/internet/deputado/bandep/160631.jpg;M
dep.walteralves@camara.leg.br;;Walter Pereira Alves;WALTER ALVES;PMDB;RN;;(61) 3215-5435;;;435 - Anexo;;http://www.camara.gov.br/internet/deputado/bandep/178952.jpg;M
dep.washingtonreis@camara.leg.br;;Washington Reis de Oliveira;WASHINGTON REIS;PMDB;RJ;;(61) 3215-5856;;;856 - Anexo;;http://www.camara.gov.br/internet/deputado/bandep/160620.jpg;M
dep.welitonprado@camara.leg.br;;Weliton Fernandes Prado;WELITON PRADO;PMB;MG;;(61) 3215-5862;;;862 - Anexo;;http://www.camara.gov.br/internet/deputado/bandep/160518.jpg;M
dep.wellingtonroberto@camara.leg.br;;José Wellington Roberto;WELLINGTON ROBERTO;PR;PB;X;(61) 3215-5514;;;514 - Anexo;;http://www.camara.gov.br/internet/deputado/bandep/74043.jpg;M
dep.wevertonrocha@camara.leg.br;;Weverton Rocha Marques de Sousa;WEVERTON ROCHA;PDT;MA;;(61) 3215-5405;;;405 - Anexo;;http://www.camara.gov.br/internet/deputado/bandep/167493.jpg;M
dep.wilsonfilho@camara.leg.br;;José Wilson Santiago Filho;WILSON FILHO;PTB;PB;;(61) 3215-5534;;;534 - Anexo;;http://www.camara.gov.br/internet/deputado/bandep/160636.jpg;M
dep.wladimircosta@camara.leg.br;;Wladimir Afonso da Costa Rabelo;WLADIMIR COSTA;SD;PA;;(61) 3215-5343;;;343 - Anexo;;http://www.camara.gov.br/internet/deputado/bandep/73930.jpg;M
dep.wolneyqueiroz@camara.leg.br;;Wolney Queiroz Maciel;WOLNEY QUEIROZ;PDT;PE;;(61) 3215-5936;;;936 - Anexo;;http://www.camara.gov.br/internet/deputado/bandep/74439.jpg;M
dep.zecarlos@camara.leg.br;;Jose  Carlos Nunes Junior;ZÉ CARLOS;PT;MA;;(61) 3215-5748;;;748 - Anexo;;http://www.camara.gov.br/internet/deputado/bandep/178889.jpg;M
dep.zegeraldo@camara.leg.br;;José Geraldo Torres da Silva;ZÉ GERALDO;PT;PA;;(61) 3215-5266;;;266 - Anexo;;http://www.camara.gov.br/internet/deputado/bandep/73931.jpg;M
dep.zesilva@camara.leg.br;;José Silva Soares;ZÉ SILVA;SD;MG;;(61) 3215-5608;;;608 - Anexo;;http://www.camara.gov.br/internet/deputado/bandep/160632.jpg;M
dep.zecacavalcanti@camara.leg.br;;Jose Cavalcanti Alves Junior;ZECA CAVALCANTI;PTB;PE;;(61) 3215-5318;;;318 - Anexo;;http://www.camara.gov.br/internet/deputado/bandep/178923.jpg;M
dep.zecadirceu@camara.leg.br;;José Carlos Becker de Oliveira E Silva;ZECA DIRCEU;PT;PR;;(61) 3215-5613;;;613 - Anexo;;http://www.camara.gov.br/internet/deputado/bandep/160592.jpg;M
dep.zecadopt@camara.leg.br;;Jose Orcirio Miranda Dos Santos;ZECA DO PT;PT;MS;;(61) 3215-5860;;;860 - Anexo;;http://www.camara.gov.br/internet/deputado/bandep/178902.jpg;M
dep.zenaidemaia@camara.leg.br;;Zenaide Maia Calado Pereira Dos Santos;ZENAIDE MAIA;PR;RN;;(61) 3215-5439;;;439 - Anexo;;http://www.camara.gov.br/internet/deputado/bandep/178949.jpg;F